OrderID,CustomerID,ShipCity,ShipCountry,ProductID,UnitPrice,Quantity,Discount
10250,HANAR,Rio de Janeiro,Brazil,41,7.7000,10,0
10250,HANAR,Rio de Janeiro,Brazil,51,42.4000,35,0.15
10250,HANAR,Rio de Janeiro,Brazil,65,16.8000,15,0.15
10251,VICTE,Lyon,France,22,16.8000,6,0.05
10251,VICTE,Lyon,France,57,15.6000,15,0.05
10251,VICTE,Lyon,France,65,16.8000,20,0
10252,SUPRD,Charleroi,Belgium,20,64.8000,40,0.05
10252,SUPRD,Charleroi,Belgium,33,2.0000,25,0.05
10252,SUPRD,Charleroi,Belgium,60,27.2000,40,0
10253,HANAR,Rio de Janeiro,Brazil,31,10.0000,20,0
10253,HANAR,Rio de Janeiro,Brazil,39,14.4000,42,0
10253,HANAR,Rio de Janeiro,Brazil,49,16.0000,40,0
10255,RICSU,Genève,Switzerland,2,15.2000,20,0
10255,RICSU,Genève,Switzerland,16,13.9000,35,0
10255,RICSU,Genève,Switzerland,36,15.2000,25,0
10255,RICSU,Genève,Switzerland,59,44.0000,30,0
10256,WELLI,Resende,Brazil,53,26.2000,15,0
10256,WELLI,Resende,Brazil,77,10.4000,12,0
10257,HILAA,San Cristóbal,Venezuela,27,35.1000,25,0
10257,HILAA,San Cristóbal,Venezuela,39,14.4000,6,0
10257,HILAA,San Cristóbal,Venezuela,77,10.4000,15,0
10258,ERNSH,Graz,Austria,2,15.2000,50,0.2
10258,ERNSH,Graz,Austria,5,17.0000,65,0.2
10258,ERNSH,Graz,Austria,32,25.6000,6,0.2
10259,CENTC,México D.F.,Mexico,21,8.0000,10,0
10259,CENTC,México D.F.,Mexico,37,20.8000,1,0
10260,OTTIK,Köln,Germany,41,7.7000,16,0.25
10260,OTTIK,Köln,Germany,57,15.6000,50,0
10260,OTTIK,Köln,Germany,62,39.4000,15,0.25
10260,OTTIK,Köln,Germany,70,12.0000,21,0.25
10261,QUEDE,Rio de Janeiro,Brazil,21,8.0000,20,0
10261,QUEDE,Rio de Janeiro,Brazil,35,14.4000,20,0
10262,RATTC,Albuquerque,USA,5,17.0000,12,0.2
10262,RATTC,Albuquerque,USA,7,24.0000,15,0
10262,RATTC,Albuquerque,USA,56,30.4000,2,0
10263,ERNSH,Graz,Austria,16,13.9000,60,0.25
10263,ERNSH,Graz,Austria,24,3.6000,28,0
10263,ERNSH,Graz,Austria,30,20.7000,60,0.25
10263,ERNSH,Graz,Austria,74,8.0000,36,0.25
10265,BLONP,Strasbourg,France,17,31.2000,30,0
10265,BLONP,Strasbourg,France,70,12.0000,20,0
10266,WARTH,Oulu,Finland,12,30.4000,12,0.05
10267,FRANK,München,Germany,40,14.7000,50,0
10267,FRANK,München,Germany,59,44.0000,70,0.15
10267,FRANK,München,Germany,76,14.4000,15,0.15
10268,GROSR,Caracas,Venezuela,29,99.0000,10,0
10268,GROSR,Caracas,Venezuela,72,27.8000,4,0
10270,WARTH,Oulu,Finland,36,15.2000,30,0
10270,WARTH,Oulu,Finland,43,36.8000,25,0
10273,QUICK,Cunewalde,Germany,10,24.8000,24,0.05
10273,QUICK,Cunewalde,Germany,31,10.0000,15,0.05
10273,QUICK,Cunewalde,Germany,33,2.0000,20,0
10273,QUICK,Cunewalde,Germany,40,14.7000,60,0.05
10273,QUICK,Cunewalde,Germany,76,14.4000,33,0.05
10275,MAGAA,Bergamo,Italy,24,3.6000,12,0.05
10275,MAGAA,Bergamo,Italy,59,44.0000,6,0.05
10276,TORTU,México D.F.,Mexico,10,24.8000,15,0
10276,TORTU,México D.F.,Mexico,13,4.8000,10,0
10277,MORGK,Leipzig,Germany,28,36.4000,20,0
10277,MORGK,Leipzig,Germany,62,39.4000,12,0
10278,BERGS,Luleå,Sweden,44,15.5000,16,0
10278,BERGS,Luleå,Sweden,59,44.0000,15,0
10278,BERGS,Luleå,Sweden,63,35.1000,8,0
10278,BERGS,Luleå,Sweden,73,12.0000,25,0
10279,LEHMS,Frankfurt a.M.,Germany,17,31.2000,15,0.25
10280,BERGS,Luleå,Sweden,24,3.6000,12,0
10280,BERGS,Luleå,Sweden,55,19.2000,20,0
10280,BERGS,Luleå,Sweden,75,6.2000,30,0
10281,ROMEY,Madrid,Spain,19,7.3000,1,0
10281,ROMEY,Madrid,Spain,24,3.6000,6,0
10281,ROMEY,Madrid,Spain,35,14.4000,4,0
10282,ROMEY,Madrid,Spain,30,20.7000,6,0
10282,ROMEY,Madrid,Spain,57,15.6000,2,0
10283,LILAS,Barquisimeto,Venezuela,15,12.4000,20,0
10283,LILAS,Barquisimeto,Venezuela,19,7.3000,18,0
10283,LILAS,Barquisimeto,Venezuela,60,27.2000,35,0
10283,LILAS,Barquisimeto,Venezuela,72,27.8000,3,0
10284,LEHMS,Frankfurt a.M.,Germany,27,35.1000,15,0.25
10284,LEHMS,Frankfurt a.M.,Germany,44,15.5000,21,0
10284,LEHMS,Frankfurt a.M.,Germany,60,27.2000,20,0.25
10284,LEHMS,Frankfurt a.M.,Germany,67,11.2000,5,0.25
10285,QUICK,Cunewalde,Germany,1,14.4000,45,0.2
10285,QUICK,Cunewalde,Germany,40,14.7000,40,0.2
10285,QUICK,Cunewalde,Germany,53,26.2000,36,0.2
10286,QUICK,Cunewalde,Germany,35,14.4000,100,0
10286,QUICK,Cunewalde,Germany,62,39.4000,40,0
10287,RICAR,Rio de Janeiro,Brazil,16,13.9000,40,0.15
10287,RICAR,Rio de Janeiro,Brazil,34,11.2000,20,0
10287,RICAR,Rio de Janeiro,Brazil,46,9.6000,15,0.15
10288,REGGC,Reggio Emilia,Italy,54,5.9000,10,0.1
10288,REGGC,Reggio Emilia,Italy,68,10.0000,3,0.1
10289,BSBEV,London,UK,3,8.0000,30,0
10289,BSBEV,London,UK,64,26.6000,9,0
10290,COMMI,Sao Paulo,Brazil,5,17.0000,20,0
10290,COMMI,Sao Paulo,Brazil,29,99.0000,15,0
10290,COMMI,Sao Paulo,Brazil,49,16.0000,15,0
10290,COMMI,Sao Paulo,Brazil,77,10.4000,10,0
10292,TRADH,Sao Paulo,Brazil,20,64.8000,20,0
10293,TORTU,México D.F.,Mexico,18,50.0000,12,0
10293,TORTU,México D.F.,Mexico,24,3.6000,10,0
10293,TORTU,México D.F.,Mexico,63,35.1000,5,0
10293,TORTU,México D.F.,Mexico,75,6.2000,6,0
10294,RATTC,Albuquerque,USA,1,14.4000,18,0
10294,RATTC,Albuquerque,USA,17,31.2000,15,0
10294,RATTC,Albuquerque,USA,43,36.8000,15,0
10294,RATTC,Albuquerque,USA,60,27.2000,21,0
10294,RATTC,Albuquerque,USA,75,6.2000,6,0
10295,VINET,Reims,France,56,30.4000,4,0
10299,RICAR,Rio de Janeiro,Brazil,19,7.3000,15,0
10299,RICAR,Rio de Janeiro,Brazil,70,12.0000,20,0
10300,MAGAA,Bergamo,Italy,66,13.6000,30,0
10300,MAGAA,Bergamo,Italy,68,10.0000,20,0
10301,WANDK,Stuttgart,Germany,40,14.7000,10,0
10301,WANDK,Stuttgart,Germany,56,30.4000,20,0
10302,SUPRD,Charleroi,Belgium,17,31.2000,40,0
10302,SUPRD,Charleroi,Belgium,28,36.4000,28,0
10302,SUPRD,Charleroi,Belgium,43,36.8000,12,0
10303,GODOS,Sevilla,Spain,40,14.7000,40,0.1
10303,GODOS,Sevilla,Spain,65,16.8000,30,0.1
10303,GODOS,Sevilla,Spain,68,10.0000,15,0.1
10304,TORTU,México D.F.,Mexico,49,16.0000,30,0
10304,TORTU,México D.F.,Mexico,59,44.0000,10,0
10304,TORTU,México D.F.,Mexico,71,17.2000,2,0
10305,OLDWO,Anchorage,USA,18,50.0000,25,0.1
10305,OLDWO,Anchorage,USA,29,99.0000,25,0.1
10305,OLDWO,Anchorage,USA,39,14.4000,30,0.1
10306,ROMEY,Madrid,Spain,30,20.7000,10,0
10306,ROMEY,Madrid,Spain,53,26.2000,10,0
10306,ROMEY,Madrid,Spain,54,5.9000,5,0
10307,LONEP,Portland,USA,62,39.4000,10,0
10307,LONEP,Portland,USA,68,10.0000,3,0
10308,ANATR,México D.F.,Mexico,69,28.8000,1,0
10308,ANATR,México D.F.,Mexico,70,12.0000,5,0
10309,HUNGO,Cork,Ireland,4,17.6000,20,0
10309,HUNGO,Cork,Ireland,6,20.0000,30,0
10309,HUNGO,Cork,Ireland,42,11.2000,2,0
10309,HUNGO,Cork,Ireland,43,36.8000,20,0
10309,HUNGO,Cork,Ireland,71,17.2000,3,0
10310,THEBI,Portland,USA,16,13.9000,10,0
10310,THEBI,Portland,USA,62,39.4000,5,0
10311,DUMON,Nantes,France,42,11.2000,6,0
10311,DUMON,Nantes,France,69,28.8000,7,0
10312,WANDK,Stuttgart,Germany,28,36.4000,4,0
10312,WANDK,Stuttgart,Germany,43,36.8000,24,0
10312,WANDK,Stuttgart,Germany,53,26.2000,20,0
10312,WANDK,Stuttgart,Germany,75,6.2000,10,0
10313,QUICK,Cunewalde,Germany,36,15.2000,12,0
10314,RATTC,Albuquerque,USA,32,25.6000,40,0.1
10314,RATTC,Albuquerque,USA,58,10.6000,30,0.1
10314,RATTC,Albuquerque,USA,62,39.4000,25,0.1
10315,ISLAT,Cowes,UK,34,11.2000,14,0
10315,ISLAT,Cowes,UK,70,12.0000,30,0
10316,RATTC,Albuquerque,USA,41,7.7000,10,0
10316,RATTC,Albuquerque,USA,62,39.4000,70,0
10318,ISLAT,Cowes,UK,41,7.7000,20,0
10318,ISLAT,Cowes,UK,76,14.4000,6,0
10319,TORTU,México D.F.,Mexico,17,31.2000,8,0
10319,TORTU,México D.F.,Mexico,28,36.4000,14,0
10319,TORTU,México D.F.,Mexico,76,14.4000,30,0
10321,ISLAT,Cowes,UK,35,14.4000,10,0
10322,PERIC,México D.F.,Mexico,52,5.6000,20,0
10323,KOENE,Brandenburg,Germany,15,12.4000,5,0
10323,KOENE,Brandenburg,Germany,25,11.2000,4,0
10323,KOENE,Brandenburg,Germany,39,14.4000,4,0
10324,SAVEA,Boise,USA,16,13.9000,21,0.15
10324,SAVEA,Boise,USA,35,14.4000,70,0.15
10324,SAVEA,Boise,USA,46,9.6000,30,0
10324,SAVEA,Boise,USA,59,44.0000,40,0.15
10324,SAVEA,Boise,USA,63,35.1000,80,0.15
10325,KOENE,Brandenburg,Germany,6,20.0000,6,0
10325,KOENE,Brandenburg,Germany,13,4.8000,12,0
10325,KOENE,Brandenburg,Germany,14,18.6000,9,0
10325,KOENE,Brandenburg,Germany,31,10.0000,4,0
10325,KOENE,Brandenburg,Germany,72,27.8000,40,0
10326,BOLID,Madrid,Spain,4,17.6000,24,0
10326,BOLID,Madrid,Spain,57,15.6000,16,0
10326,BOLID,Madrid,Spain,75,6.2000,50,0
10327,FOLKO,Bräcke,Sweden,2,15.2000,25,0.2
10327,FOLKO,Bräcke,Sweden,11,16.8000,50,0.2
10327,FOLKO,Bräcke,Sweden,30,20.7000,35,0.2
10327,FOLKO,Bräcke,Sweden,58,10.6000,30,0.2
10328,FURIB,Lisboa,Portugal,59,44.0000,9,0
10328,FURIB,Lisboa,Portugal,65,16.8000,40,0
10328,FURIB,Lisboa,Portugal,68,10.0000,10,0
10329,SPLIR,Lander,USA,19,7.3000,10,0.05
10329,SPLIR,Lander,USA,30,20.7000,8,0.05
10329,SPLIR,Lander,USA,38,210.8000,20,0.05
10329,SPLIR,Lander,USA,56,30.4000,12,0.05
10330,LILAS,Barquisimeto,Venezuela,26,24.9000,50,0.15
10330,LILAS,Barquisimeto,Venezuela,72,27.8000,25,0.15
10331,BONAP,Marseille,France,54,5.9000,15,0
10332,MEREP,Montréal,Canada,18,50.0000,40,0.2
10332,MEREP,Montréal,Canada,42,11.2000,10,0.2
10332,MEREP,Montréal,Canada,47,7.6000,16,0.2
10334,VICTE,Lyon,France,52,5.6000,8,0
10334,VICTE,Lyon,France,68,10.0000,10,0
10335,HUNGO,Cork,Ireland,2,15.2000,7,0.2
10335,HUNGO,Cork,Ireland,31,10.0000,25,0.2
10335,HUNGO,Cork,Ireland,32,25.6000,6,0.2
10335,HUNGO,Cork,Ireland,51,42.4000,48,0.2
10336,PRINI,Lisboa,Portugal,4,17.6000,18,0.1
10337,FRANK,München,Germany,23,7.2000,40,0
10337,FRANK,München,Germany,26,24.9000,24,0
10337,FRANK,München,Germany,36,15.2000,20,0
10337,FRANK,München,Germany,37,20.8000,28,0
10337,FRANK,München,Germany,72,27.8000,25,0
10338,OLDWO,Anchorage,USA,17,31.2000,20,0
10338,OLDWO,Anchorage,USA,30,20.7000,15,0
10339,MEREP,Montréal,Canada,4,17.6000,10,0
10339,MEREP,Montréal,Canada,17,31.2000,70,0.05
10339,MEREP,Montréal,Canada,62,39.4000,28,0
10340,BONAP,Marseille,France,18,50.0000,20,0.05
10340,BONAP,Marseille,France,41,7.7000,12,0.05
10340,BONAP,Marseille,France,43,36.8000,40,0.05
10341,SIMOB,Kobenhavn,Denmark,33,2.0000,8,0
10341,SIMOB,Kobenhavn,Denmark,59,44.0000,9,0.15
10342,FRANK,München,Germany,2,15.2000,24,0.2
10342,FRANK,München,Germany,31,10.0000,56,0.2
10342,FRANK,München,Germany,36,15.2000,40,0.2
10342,FRANK,München,Germany,55,19.2000,40,0.2
10343,LEHMS,Frankfurt a.M.,Germany,64,26.6000,50,0
10343,LEHMS,Frankfurt a.M.,Germany,68,10.0000,4,0.05
10343,LEHMS,Frankfurt a.M.,Germany,76,14.4000,15,0
10344,WHITC,Seattle,USA,4,17.6000,35,0
10344,WHITC,Seattle,USA,8,32.0000,70,0.25
10345,QUICK,Cunewalde,Germany,8,32.0000,70,0
10345,QUICK,Cunewalde,Germany,19,7.3000,80,0
10345,QUICK,Cunewalde,Germany,42,11.2000,9,0
10346,RATTC,Albuquerque,USA,17,31.2000,36,0.1
10346,RATTC,Albuquerque,USA,56,30.4000,20,0
10347,FAMIA,Sao Paulo,Brazil,25,11.2000,10,0
10347,FAMIA,Sao Paulo,Brazil,39,14.4000,50,0.15
10347,FAMIA,Sao Paulo,Brazil,40,14.7000,4,0
10347,FAMIA,Sao Paulo,Brazil,75,6.2000,6,0.15
10348,WANDK,Stuttgart,Germany,1,14.4000,15,0.15
10348,WANDK,Stuttgart,Germany,23,7.2000,25,0
10349,SPLIR,Lander,USA,54,5.9000,24,0
10351,ERNSH,Graz,Austria,38,210.8000,20,0.05
10351,ERNSH,Graz,Austria,41,7.7000,13,0
10351,ERNSH,Graz,Austria,44,15.5000,77,0.05
10351,ERNSH,Graz,Austria,65,16.8000,10,0.05
10352,FURIB,Lisboa,Portugal,24,3.6000,10,0
10352,FURIB,Lisboa,Portugal,54,5.9000,20,0.15
10353,PICCO,Salzburg,Austria,11,16.8000,12,0.2
10353,PICCO,Salzburg,Austria,38,210.8000,50,0.2
10354,PERIC,México D.F.,Mexico,1,14.4000,12,0
10354,PERIC,México D.F.,Mexico,29,99.0000,4,0
10357,LILAS,Barquisimeto,Venezuela,10,24.8000,30,0.2
10357,LILAS,Barquisimeto,Venezuela,26,24.9000,16,0
10357,LILAS,Barquisimeto,Venezuela,60,27.2000,8,0.2
10360,BLONP,Strasbourg,France,28,36.4000,30,0
10360,BLONP,Strasbourg,France,29,99.0000,35,0
10360,BLONP,Strasbourg,France,38,210.8000,10,0
10360,BLONP,Strasbourg,France,49,16.0000,35,0
10360,BLONP,Strasbourg,France,54,5.9000,28,0
10361,QUICK,Cunewalde,Germany,39,14.4000,54,0.1
10361,QUICK,Cunewalde,Germany,60,27.2000,55,0.1
10362,BONAP,Marseille,France,25,11.2000,50,0
10362,BONAP,Marseille,France,51,42.4000,20,0
10362,BONAP,Marseille,France,54,5.9000,24,0
10363,DRACD,Aachen,Germany,31,10.0000,20,0
10363,DRACD,Aachen,Germany,75,6.2000,12,0
10363,DRACD,Aachen,Germany,76,14.4000,12,0
10364,EASTC,London,UK,69,28.8000,30,0
10364,EASTC,London,UK,71,17.2000,5,0
10365,ANTON,México D.F.,Mexico,11,16.8000,24,0
10366,GALED,Barcelona,Spain,65,16.8000,5,0
10366,GALED,Barcelona,Spain,77,10.4000,5,0
10367,VAFFE,Århus,Denmark,34,11.2000,36,0
10367,VAFFE,Århus,Denmark,54,5.9000,18,0
10367,VAFFE,Århus,Denmark,65,16.8000,15,0
10367,VAFFE,Århus,Denmark,77,10.4000,7,0
10368,ERNSH,Graz,Austria,21,8.0000,5,0.1
10368,ERNSH,Graz,Austria,28,36.4000,13,0.1
10368,ERNSH,Graz,Austria,57,15.6000,25,0
10368,ERNSH,Graz,Austria,64,26.6000,35,0.1
10369,SPLIR,Lander,USA,29,99.0000,20,0
10369,SPLIR,Lander,USA,56,30.4000,18,0.25
10371,LAMAI,Toulouse,France,36,15.2000,6,0.2
10373,HUNGO,Cork,Ireland,58,10.6000,80,0.2
10373,HUNGO,Cork,Ireland,71,17.2000,50,0.2
10374,WOLZA,Warszawa,Poland,31,10.0000,30,0
10374,WOLZA,Warszawa,Poland,58,10.6000,15,0
10375,HUNGC,Elgin,USA,14,18.6000,15,0
10375,HUNGC,Elgin,USA,54,5.9000,10,0
10376,MEREP,Montréal,Canada,31,10.0000,42,0.05
10377,SEVES,London,UK,28,36.4000,20,0.15
10377,SEVES,London,UK,39,14.4000,20,0.15
10379,QUEDE,Rio de Janeiro,Brazil,41,7.7000,8,0.1
10379,QUEDE,Rio de Janeiro,Brazil,63,35.1000,16,0.1
10379,QUEDE,Rio de Janeiro,Brazil,65,16.8000,20,0.1
10380,HUNGO,Cork,Ireland,30,20.7000,18,0.1
10380,HUNGO,Cork,Ireland,53,26.2000,20,0.1
10380,HUNGO,Cork,Ireland,60,27.2000,6,0.1
10380,HUNGO,Cork,Ireland,70,12.0000,30,0
10381,LILAS,Barquisimeto,Venezuela,74,8.0000,14,0
10382,ERNSH,Graz,Austria,5,17.0000,32,0
10382,ERNSH,Graz,Austria,18,50.0000,9,0
10382,ERNSH,Graz,Austria,29,99.0000,14,0
10382,ERNSH,Graz,Austria,33,2.0000,60,0
10382,ERNSH,Graz,Austria,74,8.0000,50,0
10383,AROUT,Colchester,UK,13,4.8000,20,0
10383,AROUT,Colchester,UK,50,13.0000,15,0
10383,AROUT,Colchester,UK,56,30.4000,20,0
10384,BERGS,Luleå,Sweden,20,64.8000,28,0
10384,BERGS,Luleå,Sweden,60,27.2000,15,0
10385,SPLIR,Lander,USA,7,24.0000,10,0.2
10385,SPLIR,Lander,USA,60,27.2000,20,0.2
10385,SPLIR,Lander,USA,68,10.0000,8,0.2
10386,FAMIA,Sao Paulo,Brazil,24,3.6000,15,0
10386,FAMIA,Sao Paulo,Brazil,34,11.2000,10,0
10387,SANTG,Stavern,Norway,24,3.6000,15,0
10387,SANTG,Stavern,Norway,28,36.4000,6,0
10387,SANTG,Stavern,Norway,59,44.0000,12,0
10387,SANTG,Stavern,Norway,71,17.2000,15,0
10388,SEVES,London,UK,45,7.6000,15,0.2
10388,SEVES,London,UK,52,5.6000,20,0.2
10388,SEVES,London,UK,53,26.2000,40,0
10389,BOTTM,Tsawassen,Canada,10,24.8000,16,0
10389,BOTTM,Tsawassen,Canada,55,19.2000,15,0
10389,BOTTM,Tsawassen,Canada,62,39.4000,20,0
10389,BOTTM,Tsawassen,Canada,70,12.0000,30,0
10391,DRACD,Aachen,Germany,13,4.8000,18,0
10392,PICCO,Salzburg,Austria,69,28.8000,50,0
10393,SAVEA,Boise,USA,2,15.2000,25,0.25
10393,SAVEA,Boise,USA,14,18.6000,42,0.25
10393,SAVEA,Boise,USA,25,11.2000,7,0.25
10393,SAVEA,Boise,USA,26,24.9000,70,0.25
10393,SAVEA,Boise,USA,31,10.0000,32,0
10394,HUNGC,Elgin,USA,13,4.8000,10,0
10394,HUNGC,Elgin,USA,62,39.4000,10,0
10396,FRANK,München,Germany,23,7.2000,40,0
10396,FRANK,München,Germany,71,17.2000,60,0
10396,FRANK,München,Germany,72,27.8000,21,0
10398,SAVEA,Boise,USA,35,14.4000,30,0
10398,SAVEA,Boise,USA,55,19.2000,120,0.1
10399,VAFFE,Århus,Denmark,68,10.0000,60,0
10399,VAFFE,Århus,Denmark,71,17.2000,30,0
10399,VAFFE,Århus,Denmark,76,14.4000,35,0
10399,VAFFE,Århus,Denmark,77,10.4000,14,0
10400,EASTC,London,UK,29,99.0000,21,0
10400,EASTC,London,UK,35,14.4000,35,0
10400,EASTC,London,UK,49,16.0000,30,0
10401,RATTC,Albuquerque,USA,30,20.7000,18,0
10401,RATTC,Albuquerque,USA,56,30.4000,70,0
10401,RATTC,Albuquerque,USA,65,16.8000,20,0
10401,RATTC,Albuquerque,USA,71,17.2000,60,0
10402,ERNSH,Graz,Austria,23,7.2000,60,0
10402,ERNSH,Graz,Austria,63,35.1000,65,0
10403,ERNSH,Graz,Austria,16,13.9000,21,0.15
10403,ERNSH,Graz,Austria,48,10.2000,70,0.15
10404,MAGAA,Bergamo,Italy,26,24.9000,30,0.05
10404,MAGAA,Bergamo,Italy,42,11.2000,40,0.05
10404,MAGAA,Bergamo,Italy,49,16.0000,30,0.05
10405,LINOD,I. de Margarita,Venezuela,3,8.0000,50,0
10406,QUEEN,Sao Paulo,Brazil,1,14.4000,10,0
10406,QUEEN,Sao Paulo,Brazil,21,8.0000,30,0.1
10406,QUEEN,Sao Paulo,Brazil,28,36.4000,42,0.1
10406,QUEEN,Sao Paulo,Brazil,36,15.2000,5,0.1
10406,QUEEN,Sao Paulo,Brazil,40,14.7000,2,0.1
10407,OTTIK,Köln,Germany,11,16.8000,30,0
10407,OTTIK,Köln,Germany,69,28.8000,15,0
10407,OTTIK,Köln,Germany,71,17.2000,15,0
10408,FOLIG,Lille,France,37,20.8000,10,0
10408,FOLIG,Lille,France,54,5.9000,6,0
10408,FOLIG,Lille,France,62,39.4000,35,0
10409,OCEAN,Buenos Aires,Argentina,14,18.6000,12,0
10409,OCEAN,Buenos Aires,Argentina,21,8.0000,12,0
10410,BOTTM,Tsawassen,Canada,33,2.0000,49,0
10410,BOTTM,Tsawassen,Canada,59,44.0000,16,0
10411,BOTTM,Tsawassen,Canada,41,7.7000,25,0.2
10411,BOTTM,Tsawassen,Canada,44,15.5000,40,0.2
10411,BOTTM,Tsawassen,Canada,59,44.0000,9,0.2
10412,WARTH,Oulu,Finland,14,18.6000,20,0.1
10413,LAMAI,Toulouse,France,1,14.4000,24,0
10413,LAMAI,Toulouse,France,62,39.4000,40,0
10413,LAMAI,Toulouse,France,76,14.4000,14,0
10414,FAMIA,Sao Paulo,Brazil,19,7.3000,18,0.05
10414,FAMIA,Sao Paulo,Brazil,33,2.0000,50,0
10415,HUNGC,Elgin,USA,17,31.2000,2,0
10415,HUNGC,Elgin,USA,33,2.0000,20,0
10416,WARTH,Oulu,Finland,19,7.3000,20,0
10416,WARTH,Oulu,Finland,53,26.2000,10,0
10416,WARTH,Oulu,Finland,57,15.6000,20,0
10417,SIMOB,Kobenhavn,Denmark,38,210.8000,50,0
10417,SIMOB,Kobenhavn,Denmark,46,9.6000,2,0.25
10417,SIMOB,Kobenhavn,Denmark,68,10.0000,36,0.25
10417,SIMOB,Kobenhavn,Denmark,77,10.4000,35,0
10418,QUICK,Cunewalde,Germany,2,15.2000,60,0
10418,QUICK,Cunewalde,Germany,47,7.6000,55,0
10418,QUICK,Cunewalde,Germany,61,22.8000,16,0
10418,QUICK,Cunewalde,Germany,74,8.0000,15,0
10419,RICSU,Genève,Switzerland,60,27.2000,60,0.05
10419,RICSU,Genève,Switzerland,69,28.8000,20,0.05
10420,WELLI,Resende,Brazil,9,77.6000,20,0.1
10420,WELLI,Resende,Brazil,13,4.8000,2,0.1
10420,WELLI,Resende,Brazil,70,12.0000,8,0.1
10420,WELLI,Resende,Brazil,73,12.0000,20,0.1
10421,QUEDE,Rio de Janeiro,Brazil,19,7.3000,4,0.15
10421,QUEDE,Rio de Janeiro,Brazil,26,24.9000,30,0
10421,QUEDE,Rio de Janeiro,Brazil,53,26.2000,15,0.15
10421,QUEDE,Rio de Janeiro,Brazil,77,10.4000,10,0.15
10422,FRANS,Torino,Italy,26,24.9000,2,0
10424,MEREP,Montréal,Canada,35,14.4000,60,0.2
10424,MEREP,Montréal,Canada,38,210.8000,49,0.2
10424,MEREP,Montréal,Canada,68,10.0000,30,0.2
10426,GALED,Barcelona,Spain,56,30.4000,5,0
10426,GALED,Barcelona,Spain,64,26.6000,7,0
10427,PICCO,Salzburg,Austria,14,18.6000,35,0
10428,REGGC,Reggio Emilia,Italy,46,9.6000,20,0
10429,HUNGO,Cork,Ireland,50,13.0000,40,0
10429,HUNGO,Cork,Ireland,63,35.1000,35,0.25
10430,ERNSH,Graz,Austria,17,31.2000,45,0.2
10430,ERNSH,Graz,Austria,21,8.0000,50,0
10430,ERNSH,Graz,Austria,56,30.4000,30,0
10430,ERNSH,Graz,Austria,59,44.0000,70,0.2
10431,BOTTM,Tsawassen,Canada,17,31.2000,50,0.25
10431,BOTTM,Tsawassen,Canada,40,14.7000,50,0.25
10431,BOTTM,Tsawassen,Canada,47,7.6000,30,0.25
10432,SPLIR,Lander,USA,26,24.9000,10,0
10432,SPLIR,Lander,USA,54,5.9000,40,0
10433,PRINI,Lisboa,Portugal,56,30.4000,28,0
10434,FOLKO,Bräcke,Sweden,11,16.8000,6,0
10434,FOLKO,Bräcke,Sweden,76,14.4000,18,0.15
10435,CONSH,London,UK,2,15.2000,10,0
10435,CONSH,London,UK,22,16.8000,12,0
10435,CONSH,London,UK,72,27.8000,10,0
10436,BLONP,Strasbourg,France,46,9.6000,5,0
10436,BLONP,Strasbourg,France,56,30.4000,40,0.1
10436,BLONP,Strasbourg,France,64,26.6000,30,0.1
10436,BLONP,Strasbourg,France,75,6.2000,24,0.1
10437,WARTH,Oulu,Finland,53,26.2000,15,0
10438,TOMSP,Münster,Germany,19,7.3000,15,0.2
10438,TOMSP,Münster,Germany,34,11.2000,20,0.2
10438,TOMSP,Münster,Germany,57,15.6000,15,0.2
10440,SAVEA,Boise,USA,2,15.2000,45,0.15
10440,SAVEA,Boise,USA,16,13.9000,49,0.15
10440,SAVEA,Boise,USA,29,99.0000,24,0.15
10440,SAVEA,Boise,USA,61,22.8000,90,0.15
10441,OLDWO,Anchorage,USA,27,35.1000,50,0
10442,ERNSH,Graz,Austria,11,16.8000,30,0
10442,ERNSH,Graz,Austria,54,5.9000,80,0
10442,ERNSH,Graz,Austria,66,13.6000,60,0
10443,REGGC,Reggio Emilia,Italy,11,16.8000,6,0.2
10443,REGGC,Reggio Emilia,Italy,28,36.4000,12,0
10444,BERGS,Luleå,Sweden,17,31.2000,10,0
10444,BERGS,Luleå,Sweden,26,24.9000,15,0
10444,BERGS,Luleå,Sweden,35,14.4000,8,0
10444,BERGS,Luleå,Sweden,41,7.7000,30,0
10445,BERGS,Luleå,Sweden,39,14.4000,6,0
10445,BERGS,Luleå,Sweden,54,5.9000,15,0
10447,RICAR,Rio de Janeiro,Brazil,19,7.3000,40,0
10447,RICAR,Rio de Janeiro,Brazil,65,16.8000,35,0
10447,RICAR,Rio de Janeiro,Brazil,71,17.2000,2,0
10448,RANCH,Buenos Aires,Argentina,26,24.9000,6,0
10448,RANCH,Buenos Aires,Argentina,40,14.7000,20,0
10449,BLONP,Strasbourg,France,10,24.8000,14,0
10449,BLONP,Strasbourg,France,52,5.6000,20,0
10449,BLONP,Strasbourg,France,62,39.4000,35,0
10450,VICTE,Lyon,France,10,24.8000,20,0.2
10450,VICTE,Lyon,France,54,5.9000,6,0.2
10451,QUICK,Cunewalde,Germany,55,19.2000,120,0.1
10451,QUICK,Cunewalde,Germany,64,26.6000,35,0.1
10451,QUICK,Cunewalde,Germany,65,16.8000,28,0.1
10451,QUICK,Cunewalde,Germany,77,10.4000,55,0.1
10452,SAVEA,Boise,USA,28,36.4000,15,0
10452,SAVEA,Boise,USA,44,15.5000,100,0.05
10453,AROUT,Colchester,UK,48,10.2000,15,0.1
10453,AROUT,Colchester,UK,70,12.0000,25,0.1
10454,LAMAI,Toulouse,France,16,13.9000,20,0.2
10454,LAMAI,Toulouse,France,33,2.0000,20,0.2
10454,LAMAI,Toulouse,France,46,9.6000,10,0.2
10455,WARTH,Oulu,Finland,39,14.4000,20,0
10455,WARTH,Oulu,Finland,53,26.2000,50,0
10455,WARTH,Oulu,Finland,61,22.8000,25,0
10455,WARTH,Oulu,Finland,71,17.2000,30,0
10456,KOENE,Brandenburg,Germany,21,8.0000,40,0.15
10456,KOENE,Brandenburg,Germany,49,16.0000,21,0.15
10457,KOENE,Brandenburg,Germany,59,44.0000,36,0
10458,SUPRD,Charleroi,Belgium,26,24.9000,30,0
10458,SUPRD,Charleroi,Belgium,28,36.4000,30,0
10458,SUPRD,Charleroi,Belgium,43,36.8000,20,0
10458,SUPRD,Charleroi,Belgium,56,30.4000,15,0
10458,SUPRD,Charleroi,Belgium,71,17.2000,50,0
10459,VICTE,Lyon,France,7,24.0000,16,0.05
10459,VICTE,Lyon,France,46,9.6000,20,0.05
10459,VICTE,Lyon,France,72,27.8000,40,0
10460,FOLKO,Bräcke,Sweden,68,10.0000,21,0.25
10460,FOLKO,Bräcke,Sweden,75,6.2000,4,0.25
10461,LILAS,Barquisimeto,Venezuela,21,8.0000,40,0.25
10461,LILAS,Barquisimeto,Venezuela,30,20.7000,28,0.25
10461,LILAS,Barquisimeto,Venezuela,55,19.2000,60,0.25
10462,CONSH,London,UK,13,4.8000,1,0
10462,CONSH,London,UK,23,7.2000,21,0
10464,FURIB,Lisboa,Portugal,4,17.6000,16,0.2
10464,FURIB,Lisboa,Portugal,43,36.8000,3,0
10464,FURIB,Lisboa,Portugal,56,30.4000,30,0.2
10464,FURIB,Lisboa,Portugal,60,27.2000,20,0
10465,VAFFE,Århus,Denmark,24,3.6000,25,0
10465,VAFFE,Århus,Denmark,29,99.0000,18,0.1
10465,VAFFE,Århus,Denmark,40,14.7000,20,0
10465,VAFFE,Århus,Denmark,45,7.6000,30,0.1
10465,VAFFE,Århus,Denmark,50,13.0000,25,0
10466,COMMI,Sao Paulo,Brazil,11,16.8000,10,0
10466,COMMI,Sao Paulo,Brazil,46,9.6000,5,0
10467,MAGAA,Bergamo,Italy,24,3.6000,28,0
10467,MAGAA,Bergamo,Italy,25,11.2000,12,0
10468,KOENE,Brandenburg,Germany,30,20.7000,8,0
10468,KOENE,Brandenburg,Germany,43,36.8000,15,0
10469,WHITC,Seattle,USA,2,15.2000,40,0.15
10469,WHITC,Seattle,USA,16,13.9000,35,0.15
10469,WHITC,Seattle,USA,44,15.5000,2,0.15
10470,BONAP,Marseille,France,18,50.0000,30,0
10470,BONAP,Marseille,France,23,7.2000,15,0
10470,BONAP,Marseille,France,64,26.6000,8,0
10471,BSBEV,London,UK,7,24.0000,30,0
10471,BSBEV,London,UK,56,30.4000,20,0
10472,SEVES,London,UK,24,3.6000,80,0.05
10472,SEVES,London,UK,51,42.4000,18,0
10473,ISLAT,Cowes,UK,33,2.0000,12,0
10473,ISLAT,Cowes,UK,71,17.2000,12,0
10475,SUPRD,Charleroi,Belgium,31,10.0000,35,0.15
10475,SUPRD,Charleroi,Belgium,66,13.6000,60,0.15
10475,SUPRD,Charleroi,Belgium,76,14.4000,42,0.15
10476,HILAA,San Cristóbal,Venezuela,55,19.2000,2,0.05
10476,HILAA,San Cristóbal,Venezuela,70,12.0000,12,0
10478,VICTE,Lyon,France,10,24.8000,20,0.05
10479,RATTC,Albuquerque,USA,38,210.8000,30,0
10479,RATTC,Albuquerque,USA,53,26.2000,28,0
10479,RATTC,Albuquerque,USA,59,44.0000,60,0
10479,RATTC,Albuquerque,USA,64,26.6000,30,0
10481,RICAR,Rio de Janeiro,Brazil,49,16.0000,24,0
10481,RICAR,Rio de Janeiro,Brazil,60,27.2000,40,0
10482,LAZYK,Walla Walla,USA,40,14.7000,10,0
10483,WHITC,Seattle,USA,34,11.2000,35,0.05
10483,WHITC,Seattle,USA,77,10.4000,30,0.05
10484,BSBEV,London,UK,21,8.0000,14,0
10484,BSBEV,London,UK,40,14.7000,10,0
10484,BSBEV,London,UK,51,42.4000,3,0
10485,LINOD,I. de Margarita,Venezuela,2,15.2000,20,0.1
10485,LINOD,I. de Margarita,Venezuela,3,8.0000,20,0.1
10485,LINOD,I. de Margarita,Venezuela,55,19.2000,30,0.1
10485,LINOD,I. de Margarita,Venezuela,70,12.0000,60,0.1
10486,HILAA,San Cristóbal,Venezuela,11,16.8000,5,0
10486,HILAA,San Cristóbal,Venezuela,51,42.4000,25,0
10486,HILAA,San Cristóbal,Venezuela,74,8.0000,16,0
10487,QUEEN,Sao Paulo,Brazil,19,7.3000,5,0
10487,QUEEN,Sao Paulo,Brazil,26,24.9000,30,0
10487,QUEEN,Sao Paulo,Brazil,54,5.9000,24,0.25
10488,FRANK,München,Germany,59,44.0000,30,0
10488,FRANK,München,Germany,73,12.0000,20,0.2
10490,HILAA,San Cristóbal,Venezuela,59,44.0000,60,0
10490,HILAA,San Cristóbal,Venezuela,68,10.0000,30,0
10490,HILAA,San Cristóbal,Venezuela,75,6.2000,36,0
10491,FURIB,Lisboa,Portugal,44,15.5000,15,0.15
10491,FURIB,Lisboa,Portugal,77,10.4000,7,0.15
10492,BOTTM,Tsawassen,Canada,25,11.2000,60,0.05
10492,BOTTM,Tsawassen,Canada,42,11.2000,20,0.05
10493,LAMAI,Toulouse,France,65,16.8000,15,0.1
10493,LAMAI,Toulouse,France,66,13.6000,10,0.1
10493,LAMAI,Toulouse,France,69,28.8000,10,0.1
10494,COMMI,Sao Paulo,Brazil,56,30.4000,30,0
10495,LAUGB,Vancouver,Canada,23,7.2000,10,0
10495,LAUGB,Vancouver,Canada,41,7.7000,20,0
10495,LAUGB,Vancouver,Canada,77,10.4000,5,0
10496,TRADH,Sao Paulo,Brazil,31,10.0000,20,0.05
10497,LEHMS,Frankfurt a.M.,Germany,56,30.4000,14,0
10497,LEHMS,Frankfurt a.M.,Germany,72,27.8000,25,0
10497,LEHMS,Frankfurt a.M.,Germany,77,10.4000,25,0
10498,HILAA,San Cristóbal,Venezuela,24,4.5000,14,0
10498,HILAA,San Cristóbal,Venezuela,40,18.4000,5,0
10498,HILAA,San Cristóbal,Venezuela,42,14.0000,30,0
10499,LILAS,Barquisimeto,Venezuela,28,45.6000,20,0
10499,LILAS,Barquisimeto,Venezuela,49,20.0000,25,0
10501,BLAUS,Mannheim,Germany,54,7.4500,20,0
10502,PERIC,México D.F.,Mexico,45,9.5000,21,0
10502,PERIC,México D.F.,Mexico,53,32.8000,6,0
10502,PERIC,México D.F.,Mexico,67,14.0000,30,0
10504,WHITC,Seattle,USA,2,19.0000,12,0
10504,WHITC,Seattle,USA,21,10.0000,12,0
10504,WHITC,Seattle,USA,53,32.8000,10,0
10504,WHITC,Seattle,USA,61,28.5000,25,0
10505,MEREP,Montréal,Canada,62,49.3000,3,0
10506,KOENE,Brandenburg,Germany,25,14.0000,18,0.1
10506,KOENE,Brandenburg,Germany,70,15.0000,14,0.1
10507,ANTON,México D.F.,Mexico,43,46.0000,15,0.15
10507,ANTON,México D.F.,Mexico,48,12.7500,15,0.15
10508,OTTIK,Köln,Germany,13,6.0000,10,0
10508,OTTIK,Köln,Germany,39,18.0000,10,0
10509,BLAUS,Mannheim,Germany,28,45.6000,3,0
10511,BONAP,Marseille,France,4,22.0000,50,0.15
10511,BONAP,Marseille,France,7,30.0000,50,0.15
10511,BONAP,Marseille,France,8,40.0000,10,0.15
10512,FAMIA,Sao Paulo,Brazil,24,4.5000,10,0.15
10512,FAMIA,Sao Paulo,Brazil,46,12.0000,9,0.15
10512,FAMIA,Sao Paulo,Brazil,47,9.5000,6,0.15
10512,FAMIA,Sao Paulo,Brazil,60,34.0000,12,0.15
10513,WANDK,Stuttgart,Germany,21,10.0000,40,0.2
10513,WANDK,Stuttgart,Germany,32,32.0000,50,0.2
10513,WANDK,Stuttgart,Germany,61,28.5000,15,0.2
10514,ERNSH,Graz,Austria,20,81.0000,39,0
10514,ERNSH,Graz,Austria,28,45.6000,35,0
10514,ERNSH,Graz,Austria,56,38.0000,70,0
10514,ERNSH,Graz,Austria,65,21.0500,39,0
10514,ERNSH,Graz,Austria,75,7.7500,50,0
10515,QUICK,Cunewalde,Germany,9,97.0000,16,0.15
10515,QUICK,Cunewalde,Germany,16,17.4500,50,0
10515,QUICK,Cunewalde,Germany,27,43.9000,120,0
10515,QUICK,Cunewalde,Germany,33,2.5000,16,0.15
10515,QUICK,Cunewalde,Germany,60,34.0000,84,0.15
10516,HUNGO,Cork,Ireland,18,62.5000,25,0.1
10516,HUNGO,Cork,Ireland,41,9.6500,80,0.1
10516,HUNGO,Cork,Ireland,42,14.0000,20,0
10517,NORTS,London,UK,52,7.0000,6,0
10517,NORTS,London,UK,59,55.0000,4,0
10517,NORTS,London,UK,70,15.0000,6,0
10518,TORTU,México D.F.,Mexico,24,4.5000,5,0
10518,TORTU,México D.F.,Mexico,38,263.5000,15,0
10518,TORTU,México D.F.,Mexico,44,19.4500,9,0
10520,SANTG,Stavern,Norway,24,4.5000,8,0
10520,SANTG,Stavern,Norway,53,32.8000,5,0
10521,CACTU,Buenos Aires,Argentina,35,18.0000,3,0
10521,CACTU,Buenos Aires,Argentina,41,9.6500,10,0
10521,CACTU,Buenos Aires,Argentina,68,12.5000,6,0
10522,LEHMS,Frankfurt a.M.,Germany,1,18.0000,40,0.2
10522,LEHMS,Frankfurt a.M.,Germany,8,40.0000,24,0
10522,LEHMS,Frankfurt a.M.,Germany,30,25.8900,20,0.2
10522,LEHMS,Frankfurt a.M.,Germany,40,18.4000,25,0.2
10523,SEVES,London,UK,17,39.0000,25,0.1
10523,SEVES,London,UK,20,81.0000,15,0.1
10523,SEVES,London,UK,37,26.0000,18,0.1
10523,SEVES,London,UK,41,9.6500,6,0.1
10524,BERGS,Luleå,Sweden,10,31.0000,2,0
10524,BERGS,Luleå,Sweden,30,25.8900,10,0
10524,BERGS,Luleå,Sweden,43,46.0000,60,0
10524,BERGS,Luleå,Sweden,54,7.4500,15,0
10525,BONAP,Marseille,France,36,19.0000,30,0
10525,BONAP,Marseille,France,40,18.4000,15,0.1
10526,WARTH,Oulu,Finland,1,18.0000,8,0.15
10526,WARTH,Oulu,Finland,13,6.0000,10,0
10526,WARTH,Oulu,Finland,56,38.0000,30,0.15
10527,QUICK,Cunewalde,Germany,4,22.0000,50,0.1
10527,QUICK,Cunewalde,Germany,36,19.0000,30,0.1
10530,PICCO,Salzburg,Austria,17,39.0000,40,0
10530,PICCO,Salzburg,Austria,43,46.0000,25,0
10530,PICCO,Salzburg,Austria,61,28.5000,20,0
10530,PICCO,Salzburg,Austria,76,18.0000,50,0
10531,OCEAN,Buenos Aires,Argentina,59,55.0000,2,0
10532,EASTC,London,UK,30,25.8900,15,0
10532,EASTC,London,UK,66,17.0000,24,0
10533,FOLKO,Bräcke,Sweden,4,22.0000,50,0.05
10533,FOLKO,Bräcke,Sweden,72,34.8000,24,0
10533,FOLKO,Bräcke,Sweden,73,15.0000,24,0.05
10534,LEHMS,Frankfurt a.M.,Germany,30,25.8900,10,0
10534,LEHMS,Frankfurt a.M.,Germany,40,18.4000,10,0.2
10534,LEHMS,Frankfurt a.M.,Germany,54,7.4500,10,0.2
10535,ANTON,México D.F.,Mexico,11,21.0000,50,0.1
10535,ANTON,México D.F.,Mexico,40,18.4000,10,0.1
10535,ANTON,México D.F.,Mexico,57,19.5000,5,0.1
10535,ANTON,México D.F.,Mexico,59,55.0000,15,0.1
10536,LEHMS,Frankfurt a.M.,Germany,12,38.0000,15,0.25
10536,LEHMS,Frankfurt a.M.,Germany,31,12.5000,20,0
10536,LEHMS,Frankfurt a.M.,Germany,33,2.5000,30,0
10536,LEHMS,Frankfurt a.M.,Germany,60,34.0000,35,0.25
10537,RICSU,Genève,Switzerland,31,12.5000,30,0
10537,RICSU,Genève,Switzerland,51,53.0000,6,0
10537,RICSU,Genève,Switzerland,58,13.2500,20,0
10537,RICSU,Genève,Switzerland,72,34.8000,21,0
10537,RICSU,Genève,Switzerland,73,15.0000,9,0
10538,BSBEV,London,UK,70,15.0000,7,0
10538,BSBEV,London,UK,72,34.8000,1,0
10540,QUICK,Cunewalde,Germany,3,10.0000,60,0
10540,QUICK,Cunewalde,Germany,26,31.2300,40,0
10540,QUICK,Cunewalde,Germany,38,263.5000,30,0
10540,QUICK,Cunewalde,Germany,68,12.5000,35,0
10541,HANAR,Rio de Janeiro,Brazil,24,4.5000,35,0.1
10541,HANAR,Rio de Janeiro,Brazil,38,263.5000,4,0.1
10541,HANAR,Rio de Janeiro,Brazil,65,21.0500,36,0.1
10541,HANAR,Rio de Janeiro,Brazil,71,21.5000,9,0.1
10542,KOENE,Brandenburg,Germany,11,21.0000,15,0.05
10542,KOENE,Brandenburg,Germany,54,7.4500,24,0.05
10543,LILAS,Barquisimeto,Venezuela,12,38.0000,30,0.15
10543,LILAS,Barquisimeto,Venezuela,23,9.0000,70,0.15
10544,LONEP,Portland,USA,28,45.6000,7,0
10544,LONEP,Portland,USA,67,14.0000,7,0
10545,LAZYK,Walla Walla,USA,11,21.0000,10,0
10546,VICTE,Lyon,France,7,30.0000,10,0
10546,VICTE,Lyon,France,35,18.0000,30,0
10546,VICTE,Lyon,France,62,49.3000,40,0
10547,SEVES,London,UK,32,32.0000,24,0.15
10547,SEVES,London,UK,36,19.0000,60,0
10548,TOMSP,Münster,Germany,34,14.0000,10,0.25
10548,TOMSP,Münster,Germany,41,9.6500,14,0
10550,GODOS,Sevilla,Spain,17,39.0000,8,0.1
10550,GODOS,Sevilla,Spain,19,9.2000,10,0
10550,GODOS,Sevilla,Spain,21,10.0000,6,0.1
10550,GODOS,Sevilla,Spain,61,28.5000,10,0.1
10551,FURIB,Lisboa,Portugal,16,17.4500,40,0.15
10551,FURIB,Lisboa,Portugal,35,18.0000,20,0.15
10551,FURIB,Lisboa,Portugal,44,19.4500,40,0
10552,HILAA,San Cristóbal,Venezuela,69,36.0000,18,0
10552,HILAA,San Cristóbal,Venezuela,75,7.7500,30,0
10553,WARTH,Oulu,Finland,11,21.0000,15,0
10553,WARTH,Oulu,Finland,16,17.4500,14,0
10553,WARTH,Oulu,Finland,22,21.0000,24,0
10553,WARTH,Oulu,Finland,31,12.5000,30,0
10553,WARTH,Oulu,Finland,35,18.0000,6,0
10554,OTTIK,Köln,Germany,16,17.4500,30,0.05
10554,OTTIK,Köln,Germany,23,9.0000,20,0.05
10554,OTTIK,Köln,Germany,62,49.3000,20,0.05
10554,OTTIK,Köln,Germany,77,13.0000,10,0.05
10556,SIMOB,Kobenhavn,Denmark,72,34.8000,24,0
10557,LEHMS,Frankfurt a.M.,Germany,64,33.2500,30,0
10557,LEHMS,Frankfurt a.M.,Germany,75,7.7500,20,0
10558,AROUT,Colchester,UK,47,9.5000,25,0
10558,AROUT,Colchester,UK,51,53.0000,20,0
10558,AROUT,Colchester,UK,52,7.0000,30,0
10558,AROUT,Colchester,UK,53,32.8000,18,0
10558,AROUT,Colchester,UK,73,15.0000,3,0
10560,FRANK,München,Germany,30,25.8900,20,0
10560,FRANK,München,Germany,62,49.3000,15,0.25
10561,FOLKO,Bräcke,Sweden,44,19.4500,10,0
10561,FOLKO,Bräcke,Sweden,51,53.0000,50,0
10562,REGGC,Reggio Emilia,Italy,33,2.5000,20,0.1
10562,REGGC,Reggio Emilia,Italy,62,49.3000,10,0.1
10563,RICAR,Rio de Janeiro,Brazil,36,19.0000,25,0
10563,RICAR,Rio de Janeiro,Brazil,52,7.0000,70,0
10564,RATTC,Albuquerque,USA,17,39.0000,16,0.05
10564,RATTC,Albuquerque,USA,31,12.5000,6,0.05
10564,RATTC,Albuquerque,USA,55,24.0000,25,0.05
10565,MEREP,Montréal,Canada,24,4.5000,25,0.1
10565,MEREP,Montréal,Canada,64,33.2500,18,0.1
10566,BLONP,Strasbourg,France,11,21.0000,35,0.15
10566,BLONP,Strasbourg,France,18,62.5000,18,0.15
10566,BLONP,Strasbourg,France,76,18.0000,10,0
10567,HUNGO,Cork,Ireland,31,12.5000,60,0.2
10567,HUNGO,Cork,Ireland,51,53.0000,3,0
10567,HUNGO,Cork,Ireland,59,55.0000,40,0.2
10568,GALED,Barcelona,Spain,10,31.0000,5,0
10570,MEREP,Montréal,Canada,11,21.0000,15,0.05
10570,MEREP,Montréal,Canada,56,38.0000,60,0.05
10571,ERNSH,Graz,Austria,14,23.2500,11,0.15
10571,ERNSH,Graz,Austria,42,14.0000,28,0.15
10572,BERGS,Luleå,Sweden,16,17.4500,12,0.1
10572,BERGS,Luleå,Sweden,32,32.0000,10,0.1
10572,BERGS,Luleå,Sweden,40,18.4000,50,0
10572,BERGS,Luleå,Sweden,75,7.7500,15,0.1
10573,ANTON,México D.F.,Mexico,17,39.0000,18,0
10573,ANTON,México D.F.,Mexico,34,14.0000,40,0
10573,ANTON,México D.F.,Mexico,53,32.8000,25,0
10574,TRAIH,Kirkland,USA,33,2.5000,14,0
10574,TRAIH,Kirkland,USA,40,18.4000,2,0
10574,TRAIH,Kirkland,USA,62,49.3000,10,0
10574,TRAIH,Kirkland,USA,64,33.2500,6,0
10576,TORTU,México D.F.,Mexico,1,18.0000,10,0
10576,TORTU,México D.F.,Mexico,31,12.5000,20,0
10576,TORTU,México D.F.,Mexico,44,19.4500,21,0
10577,TRAIH,Kirkland,USA,39,18.0000,10,0
10577,TRAIH,Kirkland,USA,75,7.7500,20,0
10577,TRAIH,Kirkland,USA,77,13.0000,18,0
10578,BSBEV,London,UK,35,18.0000,20,0
10578,BSBEV,London,UK,57,19.5000,6,0
10579,LETSS,San Francisco,USA,15,15.5000,10,0
10579,LETSS,San Francisco,USA,75,7.7500,21,0
10580,OTTIK,Köln,Germany,14,23.2500,15,0.05
10580,OTTIK,Köln,Germany,41,9.6500,9,0.05
10580,OTTIK,Köln,Germany,65,21.0500,30,0.05
10581,FAMIA,Sao Paulo,Brazil,75,7.7500,50,0.2
10582,BLAUS,Mannheim,Germany,57,19.5000,4,0
10582,BLAUS,Mannheim,Germany,76,18.0000,14,0
10583,WARTH,Oulu,Finland,29,123.7900,10,0
10583,WARTH,Oulu,Finland,60,34.0000,24,0.15
10583,WARTH,Oulu,Finland,69,36.0000,10,0.15
10584,BLONP,Strasbourg,France,31,12.5000,50,0.05
10585,WELLI,Resende,Brazil,47,9.5000,15,0
10586,REGGC,Reggio Emilia,Italy,52,7.0000,4,0.15
10587,QUEDE,Rio de Janeiro,Brazil,26,31.2300,6,0
10587,QUEDE,Rio de Janeiro,Brazil,35,18.0000,20,0
10587,QUEDE,Rio de Janeiro,Brazil,77,13.0000,20,0
10588,QUICK,Cunewalde,Germany,18,62.5000,40,0.2
10588,QUICK,Cunewalde,Germany,42,14.0000,100,0.2
10589,GREAL,Eugene,USA,35,18.0000,4,0
10590,MEREP,Montréal,Canada,1,18.0000,20,0
10590,MEREP,Montréal,Canada,77,13.0000,60,0.05
10591,VAFFE,Århus,Denmark,3,10.0000,14,0
10591,VAFFE,Århus,Denmark,7,30.0000,10,0
10591,VAFFE,Århus,Denmark,54,7.4500,50,0
10592,LEHMS,Frankfurt a.M.,Germany,15,15.5000,25,0.05
10592,LEHMS,Frankfurt a.M.,Germany,26,31.2300,5,0.05
10593,LEHMS,Frankfurt a.M.,Germany,20,81.0000,21,0.2
10593,LEHMS,Frankfurt a.M.,Germany,69,36.0000,20,0.2
10593,LEHMS,Frankfurt a.M.,Germany,76,18.0000,4,0.2
10594,OLDWO,Anchorage,USA,52,7.0000,24,0
10594,OLDWO,Anchorage,USA,58,13.2500,30,0
10595,ERNSH,Graz,Austria,35,18.0000,30,0.25
10595,ERNSH,Graz,Austria,61,28.5000,120,0.25
10595,ERNSH,Graz,Austria,69,36.0000,65,0.25
10596,WHITC,Seattle,USA,56,38.0000,5,0.2
10596,WHITC,Seattle,USA,63,43.9000,24,0.2
10596,WHITC,Seattle,USA,75,7.7500,30,0.2
10597,PICCO,Salzburg,Austria,24,4.5000,35,0.2
10597,PICCO,Salzburg,Austria,57,19.5000,20,0
10597,PICCO,Salzburg,Austria,65,21.0500,12,0.2
10598,RATTC,Albuquerque,USA,27,43.9000,50,0
10598,RATTC,Albuquerque,USA,71,21.5000,9,0
10600,HUNGC,Elgin,USA,54,7.4500,4,0
10600,HUNGC,Elgin,USA,73,15.0000,30,0
10601,HILAA,San Cristóbal,Venezuela,13,6.0000,60,0
10601,HILAA,San Cristóbal,Venezuela,59,55.0000,35,0
10602,VAFFE,Århus,Denmark,77,13.0000,5,0.25
10603,SAVEA,Boise,USA,22,21.0000,48,0
10603,SAVEA,Boise,USA,49,20.0000,25,0.05
10604,FURIB,Lisboa,Portugal,48,12.7500,6,0.1
10604,FURIB,Lisboa,Portugal,76,18.0000,10,0.1
10605,MEREP,Montréal,Canada,16,17.4500,30,0.05
10605,MEREP,Montréal,Canada,59,55.0000,20,0.05
10605,MEREP,Montréal,Canada,60,34.0000,70,0.05
10605,MEREP,Montréal,Canada,71,21.5000,15,0.05
10606,TRADH,Sao Paulo,Brazil,4,22.0000,20,0.2
10606,TRADH,Sao Paulo,Brazil,55,24.0000,20,0.2
10606,TRADH,Sao Paulo,Brazil,62,49.3000,10,0.2
10608,TOMSP,Münster,Germany,56,38.0000,28,0
10609,DUMON,Nantes,France,1,18.0000,3,0
10609,DUMON,Nantes,France,10,31.0000,10,0
10609,DUMON,Nantes,France,21,10.0000,6,0
10610,LAMAI,Toulouse,France,36,19.0000,21,0.25
10612,SAVEA,Boise,USA,10,31.0000,70,0
10612,SAVEA,Boise,USA,36,19.0000,55,0
10612,SAVEA,Boise,USA,49,20.0000,18,0
10612,SAVEA,Boise,USA,60,34.0000,40,0
10612,SAVEA,Boise,USA,76,18.0000,80,0
10613,HILAA,San Cristóbal,Venezuela,13,6.0000,8,0.1
10613,HILAA,San Cristóbal,Venezuela,75,7.7500,40,0
10614,BLAUS,Mannheim,Germany,11,21.0000,14,0
10614,BLAUS,Mannheim,Germany,21,10.0000,8,0
10614,BLAUS,Mannheim,Germany,39,18.0000,5,0
10615,WILMK,Helsinki,Finland,55,24.0000,5,0
10616,GREAL,Eugene,USA,38,263.5000,15,0.05
10616,GREAL,Eugene,USA,56,38.0000,14,0
10616,GREAL,Eugene,USA,70,15.0000,15,0.05
10616,GREAL,Eugene,USA,71,21.5000,15,0.05
10617,GREAL,Eugene,USA,59,55.0000,30,0.15
10618,MEREP,Montréal,Canada,6,25.0000,70,0
10618,MEREP,Montréal,Canada,56,38.0000,20,0
10618,MEREP,Montréal,Canada,68,12.5000,15,0
10619,MEREP,Montréal,Canada,21,10.0000,42,0
10619,MEREP,Montréal,Canada,22,21.0000,40,0
10620,LAUGB,Vancouver,Canada,24,4.5000,5,0
10620,LAUGB,Vancouver,Canada,52,7.0000,5,0
10621,ISLAT,Cowes,UK,19,9.2000,5,0
10621,ISLAT,Cowes,UK,23,9.0000,10,0
10621,ISLAT,Cowes,UK,70,15.0000,20,0
10621,ISLAT,Cowes,UK,71,21.5000,15,0
10622,RICAR,Rio de Janeiro,Brazil,2,19.0000,20,0
10622,RICAR,Rio de Janeiro,Brazil,68,12.5000,18,0.2
10623,FRANK,München,Germany,14,23.2500,21,0
10623,FRANK,München,Germany,19,9.2000,15,0.1
10623,FRANK,München,Germany,21,10.0000,25,0.1
10623,FRANK,München,Germany,24,4.5000,3,0
10623,FRANK,München,Germany,35,18.0000,30,0.1
10624,THECR,Butte,USA,28,45.6000,10,0
10624,THECR,Butte,USA,29,123.7900,6,0
10624,THECR,Butte,USA,44,19.4500,10,0
10625,ANATR,México D.F.,Mexico,14,23.2500,3,0
10625,ANATR,México D.F.,Mexico,42,14.0000,5,0
10625,ANATR,México D.F.,Mexico,60,34.0000,10,0
10626,BERGS,Luleå,Sweden,53,32.8000,12,0
10626,BERGS,Luleå,Sweden,60,34.0000,20,0
10626,BERGS,Luleå,Sweden,71,21.5000,20,0
10627,SAVEA,Boise,USA,62,49.3000,15,0
10627,SAVEA,Boise,USA,73,15.0000,35,0.15
10628,BLONP,Strasbourg,France,1,18.0000,25,0
10629,GODOS,Sevilla,Spain,29,123.7900,20,0
10629,GODOS,Sevilla,Spain,64,33.2500,9,0
10630,KOENE,Brandenburg,Germany,55,24.0000,12,0.05
10630,KOENE,Brandenburg,Germany,76,18.0000,35,0
10631,LAMAI,Toulouse,France,75,7.7500,8,0.1
10632,WANDK,Stuttgart,Germany,2,19.0000,30,0.05
10632,WANDK,Stuttgart,Germany,33,2.5000,20,0.05
10633,ERNSH,Graz,Austria,12,38.0000,36,0.15
10633,ERNSH,Graz,Austria,13,6.0000,13,0.15
10633,ERNSH,Graz,Austria,26,31.2300,35,0.15
10633,ERNSH,Graz,Austria,62,49.3000,80,0.15
10634,FOLIG,Lille,France,7,30.0000,35,0
10634,FOLIG,Lille,France,18,62.5000,50,0
10634,FOLIG,Lille,France,51,53.0000,15,0
10634,FOLIG,Lille,France,75,7.7500,2,0
10635,MAGAA,Bergamo,Italy,4,22.0000,10,0.1
10635,MAGAA,Bergamo,Italy,5,21.3500,15,0.1
10635,MAGAA,Bergamo,Italy,22,21.0000,40,0
10636,WARTH,Oulu,Finland,4,22.0000,25,0
10636,WARTH,Oulu,Finland,58,13.2500,6,0
10638,LINOD,I. de Margarita,Venezuela,45,9.5000,20,0
10638,LINOD,I. de Margarita,Venezuela,65,21.0500,21,0
10638,LINOD,I. de Margarita,Venezuela,72,34.8000,60,0
10639,SANTG,Stavern,Norway,18,62.5000,8,0
10640,WANDK,Stuttgart,Germany,69,36.0000,20,0.25
10640,WANDK,Stuttgart,Germany,70,15.0000,15,0.25
10641,HILAA,San Cristóbal,Venezuela,2,19.0000,50,0
10641,HILAA,San Cristóbal,Venezuela,40,18.4000,60,0
10642,SIMOB,Kobenhavn,Denmark,21,10.0000,30,0.2
10642,SIMOB,Kobenhavn,Denmark,61,28.5000,20,0.2
10644,WELLI,Resende,Brazil,18,62.5000,4,0.1
10644,WELLI,Resende,Brazil,43,46.0000,20,0
10644,WELLI,Resende,Brazil,46,12.0000,21,0.1
10645,HANAR,Rio de Janeiro,Brazil,18,62.5000,20,0
10645,HANAR,Rio de Janeiro,Brazil,36,19.0000,15,0
10646,HUNGO,Cork,Ireland,1,18.0000,15,0.25
10646,HUNGO,Cork,Ireland,10,31.0000,18,0.25
10646,HUNGO,Cork,Ireland,71,21.5000,30,0.25
10646,HUNGO,Cork,Ireland,77,13.0000,35,0.25
10647,QUEDE,Rio de Janeiro,Brazil,19,9.2000,30,0
10647,QUEDE,Rio de Janeiro,Brazil,39,18.0000,20,0
10651,WANDK,Stuttgart,Germany,19,9.2000,12,0.25
10651,WANDK,Stuttgart,Germany,22,21.0000,20,0.25
10652,GOURL,Campinas,Brazil,30,25.8900,2,0.25
10652,GOURL,Campinas,Brazil,42,14.0000,20,0
10653,FRANK,München,Germany,16,17.4500,30,0.1
10653,FRANK,München,Germany,60,34.0000,20,0.1
10655,REGGC,Reggio Emilia,Italy,41,9.6500,20,0.2
10657,SAVEA,Boise,USA,15,15.5000,50,0
10657,SAVEA,Boise,USA,41,9.6500,24,0
10657,SAVEA,Boise,USA,46,12.0000,45,0
10657,SAVEA,Boise,USA,47,9.5000,10,0
10657,SAVEA,Boise,USA,56,38.0000,45,0
10657,SAVEA,Boise,USA,60,34.0000,30,0
10658,QUICK,Cunewalde,Germany,21,10.0000,60,0
10658,QUICK,Cunewalde,Germany,40,18.4000,70,0.05
10658,QUICK,Cunewalde,Germany,60,34.0000,55,0.05
10658,QUICK,Cunewalde,Germany,77,13.0000,70,0.05
10659,QUEEN,Sao Paulo,Brazil,31,12.5000,20,0.05
10659,QUEEN,Sao Paulo,Brazil,40,18.4000,24,0.05
10659,QUEEN,Sao Paulo,Brazil,70,15.0000,40,0.05
10660,HUNGC,Elgin,USA,20,81.0000,21,0
10661,HUNGO,Cork,Ireland,39,18.0000,3,0.2
10661,HUNGO,Cork,Ireland,58,13.2500,49,0.2
10662,LONEP,Portland,USA,68,12.5000,10,0
10663,BONAP,Marseille,France,40,18.4000,30,0.05
10663,BONAP,Marseille,France,42,14.0000,30,0.05
10663,BONAP,Marseille,France,51,53.0000,20,0.05
10664,FURIB,Lisboa,Portugal,10,31.0000,24,0.15
10664,FURIB,Lisboa,Portugal,56,38.0000,12,0.15
10664,FURIB,Lisboa,Portugal,65,21.0500,15,0.15
10665,LONEP,Portland,USA,51,53.0000,20,0
10665,LONEP,Portland,USA,59,55.0000,1,0
10665,LONEP,Portland,USA,76,18.0000,10,0
10666,RICSU,Genève,Switzerland,29,123.7900,36,0
10666,RICSU,Genève,Switzerland,65,21.0500,10,0
10667,ERNSH,Graz,Austria,69,36.0000,45,0.2
10667,ERNSH,Graz,Austria,71,21.5000,14,0.2
10668,WANDK,Stuttgart,Germany,31,12.5000,8,0.1
10668,WANDK,Stuttgart,Germany,55,24.0000,4,0.1
10668,WANDK,Stuttgart,Germany,64,33.2500,15,0.1
10669,SIMOB,Kobenhavn,Denmark,36,19.0000,30,0
10670,FRANK,München,Germany,23,9.0000,32,0
10670,FRANK,München,Germany,46,12.0000,60,0
10670,FRANK,München,Germany,67,14.0000,25,0
10670,FRANK,München,Germany,73,15.0000,50,0
10670,FRANK,München,Germany,75,7.7500,25,0
10671,FRANR,Nantes,France,16,17.4500,10,0
10671,FRANR,Nantes,France,62,49.3000,10,0
10671,FRANR,Nantes,France,65,21.0500,12,0
10672,BERGS,Luleå,Sweden,38,263.5000,15,0.1
10672,BERGS,Luleå,Sweden,71,21.5000,12,0
10673,WILMK,Helsinki,Finland,16,17.4500,3,0
10673,WILMK,Helsinki,Finland,42,14.0000,6,0
10673,WILMK,Helsinki,Finland,43,46.0000,6,0
10674,ISLAT,Cowes,UK,23,9.0000,5,0
10676,TORTU,México D.F.,Mexico,10,31.0000,2,0
10676,TORTU,México D.F.,Mexico,19,9.2000,7,0
10676,TORTU,México D.F.,Mexico,44,19.4500,21,0
10677,ANTON,México D.F.,Mexico,26,31.2300,30,0.15
10677,ANTON,México D.F.,Mexico,33,2.5000,8,0.15
10678,SAVEA,Boise,USA,12,38.0000,100,0
10678,SAVEA,Boise,USA,33,2.5000,30,0
10678,SAVEA,Boise,USA,41,9.6500,120,0
10678,SAVEA,Boise,USA,54,7.4500,30,0
10679,BLONP,Strasbourg,France,59,55.0000,12,0
10680,OLDWO,Anchorage,USA,16,17.4500,50,0.25
10680,OLDWO,Anchorage,USA,31,12.5000,20,0.25
10680,OLDWO,Anchorage,USA,42,14.0000,40,0.25
10681,GREAL,Eugene,USA,19,9.2000,30,0.1
10681,GREAL,Eugene,USA,21,10.0000,12,0.1
10681,GREAL,Eugene,USA,64,33.2500,28,0
10682,ANTON,México D.F.,Mexico,33,2.5000,30,0
10682,ANTON,México D.F.,Mexico,66,17.0000,4,0
10682,ANTON,México D.F.,Mexico,75,7.7500,30,0
10683,DUMON,Nantes,France,52,7.0000,9,0
10684,OTTIK,Köln,Germany,40,18.4000,20,0
10684,OTTIK,Köln,Germany,47,9.5000,40,0
10684,OTTIK,Köln,Germany,60,34.0000,30,0
10685,GOURL,Campinas,Brazil,10,31.0000,20,0
10685,GOURL,Campinas,Brazil,41,9.6500,4,0
10685,GOURL,Campinas,Brazil,47,9.5000,15,0
10686,PICCO,Salzburg,Austria,17,39.0000,30,0.2
10686,PICCO,Salzburg,Austria,26,31.2300,15,0
10687,HUNGO,Cork,Ireland,9,97.0000,50,0.25
10687,HUNGO,Cork,Ireland,29,123.7900,10,0
10687,HUNGO,Cork,Ireland,36,19.0000,6,0.25
10688,VAFFE,Århus,Denmark,10,31.0000,18,0.1
10688,VAFFE,Århus,Denmark,28,45.6000,60,0.1
10688,VAFFE,Århus,Denmark,34,14.0000,14,0
10689,BERGS,Luleå,Sweden,1,18.0000,35,0.25
10690,HANAR,Rio de Janeiro,Brazil,56,38.0000,20,0.25
10690,HANAR,Rio de Janeiro,Brazil,77,13.0000,30,0.25
10691,QUICK,Cunewalde,Germany,1,18.0000,30,0
10691,QUICK,Cunewalde,Germany,29,123.7900,40,0
10691,QUICK,Cunewalde,Germany,43,46.0000,40,0
10691,QUICK,Cunewalde,Germany,44,19.4500,24,0
10691,QUICK,Cunewalde,Germany,62,49.3000,48,0
10692,ALFKI,Berlin,Germany,63,43.9000,20,0
10693,WHITC,Seattle,USA,9,97.0000,6,0
10693,WHITC,Seattle,USA,54,7.4500,60,0.15
10693,WHITC,Seattle,USA,69,36.0000,30,0.15
10693,WHITC,Seattle,USA,73,15.0000,15,0.15
10694,QUICK,Cunewalde,Germany,7,30.0000,90,0
10694,QUICK,Cunewalde,Germany,59,55.0000,25,0
10694,QUICK,Cunewalde,Germany,70,15.0000,50,0
10695,WILMK,Helsinki,Finland,8,40.0000,10,0
10695,WILMK,Helsinki,Finland,12,38.0000,4,0
10695,WILMK,Helsinki,Finland,24,4.5000,20,0
10696,WHITC,Seattle,USA,17,39.0000,20,0
10696,WHITC,Seattle,USA,46,12.0000,18,0
10697,LINOD,I. de Margarita,Venezuela,19,9.2000,7,0.25
10697,LINOD,I. de Margarita,Venezuela,35,18.0000,9,0.25
10697,LINOD,I. de Margarita,Venezuela,58,13.2500,30,0.25
10697,LINOD,I. de Margarita,Venezuela,70,15.0000,30,0.25
10698,ERNSH,Graz,Austria,11,21.0000,15,0
10698,ERNSH,Graz,Austria,17,39.0000,8,0.05
10698,ERNSH,Graz,Austria,29,123.7900,12,0.05
10698,ERNSH,Graz,Austria,65,21.0500,65,0.05
10698,ERNSH,Graz,Austria,70,15.0000,8,0.05
10699,MORGK,Leipzig,Germany,47,9.5000,12,0
10700,SAVEA,Boise,USA,1,18.0000,5,0.2
10700,SAVEA,Boise,USA,34,14.0000,12,0.2
10700,SAVEA,Boise,USA,68,12.5000,40,0.2
10700,SAVEA,Boise,USA,71,21.5000,60,0.2
10702,ALFKI,Berlin,Germany,3,10.0000,6,0
10702,ALFKI,Berlin,Germany,76,18.0000,15,0
10705,HILAA,San Cristóbal,Venezuela,31,12.5000,20,0
10705,HILAA,San Cristóbal,Venezuela,32,32.0000,4,0
10706,OLDWO,Anchorage,USA,16,17.4500,20,0
10706,OLDWO,Anchorage,USA,43,46.0000,24,0
10706,OLDWO,Anchorage,USA,59,55.0000,8,0
10707,AROUT,Colchester,UK,55,24.0000,21,0
10707,AROUT,Colchester,UK,57,19.5000,40,0
10707,AROUT,Colchester,UK,70,15.0000,28,0.15
10709,GOURL,Campinas,Brazil,8,40.0000,40,0
10709,GOURL,Campinas,Brazil,51,53.0000,28,0
10709,GOURL,Campinas,Brazil,60,34.0000,10,0
10710,FRANS,Torino,Italy,19,9.2000,5,0
10710,FRANS,Torino,Italy,47,9.5000,5,0
10712,HUNGO,Cork,Ireland,53,32.8000,3,0.05
10712,HUNGO,Cork,Ireland,56,38.0000,30,0
10713,SAVEA,Boise,USA,10,31.0000,18,0
10713,SAVEA,Boise,USA,26,31.2300,30,0
10713,SAVEA,Boise,USA,45,9.5000,110,0
10713,SAVEA,Boise,USA,46,12.0000,24,0
10715,BONAP,Marseille,France,10,31.0000,21,0
10715,BONAP,Marseille,France,71,21.5000,30,0
10716,RANCH,Buenos Aires,Argentina,21,10.0000,5,0
10716,RANCH,Buenos Aires,Argentina,51,53.0000,7,0
10716,RANCH,Buenos Aires,Argentina,61,28.5000,10,0
10717,FRANK,München,Germany,21,10.0000,32,0.05
10717,FRANK,München,Germany,54,7.4500,15,0
10717,FRANK,München,Germany,69,36.0000,25,0.05
10718,KOENE,Brandenburg,Germany,12,38.0000,36,0
10718,KOENE,Brandenburg,Germany,16,17.4500,20,0
10718,KOENE,Brandenburg,Germany,36,19.0000,40,0
10718,KOENE,Brandenburg,Germany,62,49.3000,20,0
10719,LETSS,San Francisco,USA,18,62.5000,12,0.25
10719,LETSS,San Francisco,USA,30,25.8900,3,0.25
10719,LETSS,San Francisco,USA,54,7.4500,40,0.25
10720,QUEDE,Rio de Janeiro,Brazil,35,18.0000,21,0
10720,QUEDE,Rio de Janeiro,Brazil,71,21.5000,8,0
10722,SAVEA,Boise,USA,2,19.0000,3,0
10722,SAVEA,Boise,USA,31,12.5000,50,0
10722,SAVEA,Boise,USA,68,12.5000,45,0
10722,SAVEA,Boise,USA,75,7.7500,42,0
10723,WHITC,Seattle,USA,26,31.2300,15,0
10724,MEREP,Montréal,Canada,10,31.0000,16,0
10724,MEREP,Montréal,Canada,61,28.5000,5,0
10725,FAMIA,Sao Paulo,Brazil,41,9.6500,12,0
10725,FAMIA,Sao Paulo,Brazil,52,7.0000,4,0
10725,FAMIA,Sao Paulo,Brazil,55,24.0000,6,0
10726,EASTC,London,UK,4,22.0000,25,0
10726,EASTC,London,UK,11,21.0000,5,0
10727,REGGC,Reggio Emilia,Italy,17,39.0000,20,0.05
10727,REGGC,Reggio Emilia,Italy,56,38.0000,10,0.05
10727,REGGC,Reggio Emilia,Italy,59,55.0000,10,0.05
10728,QUEEN,Sao Paulo,Brazil,30,25.8900,15,0
10728,QUEEN,Sao Paulo,Brazil,40,18.4000,6,0
10728,QUEEN,Sao Paulo,Brazil,55,24.0000,12,0
10728,QUEEN,Sao Paulo,Brazil,60,34.0000,15,0
10729,LINOD,I. de Margarita,Venezuela,1,18.0000,50,0
10729,LINOD,I. de Margarita,Venezuela,21,10.0000,30,0
10729,LINOD,I. de Margarita,Venezuela,50,16.2500,40,0
10731,CHOPS,Bern,Switzerland,21,10.0000,40,0.05
10731,CHOPS,Bern,Switzerland,51,53.0000,30,0.05
10732,BONAP,Marseille,France,76,18.0000,20,0
10733,BERGS,Luleå,Sweden,14,23.2500,16,0
10733,BERGS,Luleå,Sweden,28,45.6000,20,0
10733,BERGS,Luleå,Sweden,52,7.0000,25,0
10734,GOURL,Campinas,Brazil,6,25.0000,30,0
10734,GOURL,Campinas,Brazil,30,25.8900,15,0
10734,GOURL,Campinas,Brazil,76,18.0000,20,0
10736,HUNGO,Cork,Ireland,65,21.0500,40,0
10736,HUNGO,Cork,Ireland,75,7.7500,20,0
10737,VINET,Reims,France,13,6.0000,4,0
10737,VINET,Reims,France,41,9.6500,12,0
10738,SPECD,Paris,France,16,17.4500,3,0
10739,VINET,Reims,France,36,19.0000,6,0
10739,VINET,Reims,France,52,7.0000,18,0
10740,WHITC,Seattle,USA,28,45.6000,5,0.2
10740,WHITC,Seattle,USA,35,18.0000,35,0.2
10740,WHITC,Seattle,USA,45,9.5000,40,0.2
10740,WHITC,Seattle,USA,56,38.0000,14,0.2
10741,AROUT,Colchester,UK,2,19.0000,15,0.2
10742,BOTTM,Tsawassen,Canada,3,10.0000,20,0
10742,BOTTM,Tsawassen,Canada,60,34.0000,50,0
10742,BOTTM,Tsawassen,Canada,72,34.8000,35,0
10743,AROUT,Colchester,UK,46,12.0000,28,0.05
10745,QUICK,Cunewalde,Germany,18,62.5000,24,0
10745,QUICK,Cunewalde,Germany,44,19.4500,16,0
10745,QUICK,Cunewalde,Germany,59,55.0000,45,0
10745,QUICK,Cunewalde,Germany,72,34.8000,7,0
10746,CHOPS,Bern,Switzerland,13,6.0000,6,0
10746,CHOPS,Bern,Switzerland,42,14.0000,28,0
10746,CHOPS,Bern,Switzerland,62,49.3000,9,0
10746,CHOPS,Bern,Switzerland,69,36.0000,40,0
10748,SAVEA,Boise,USA,23,9.0000,44,0
10748,SAVEA,Boise,USA,40,18.4000,40,0
10748,SAVEA,Boise,USA,56,38.0000,28,0
10749,ISLAT,Cowes,UK,56,38.0000,15,0
10749,ISLAT,Cowes,UK,59,55.0000,6,0
10749,ISLAT,Cowes,UK,76,18.0000,10,0
10750,WARTH,Oulu,Finland,14,23.2500,5,0.15
10750,WARTH,Oulu,Finland,45,9.5000,40,0.15
10750,WARTH,Oulu,Finland,59,55.0000,25,0.15
10751,RICSU,Genève,Switzerland,26,31.2300,12,0.1
10751,RICSU,Genève,Switzerland,30,25.8900,30,0
10751,RICSU,Genève,Switzerland,50,16.2500,20,0.1
10751,RICSU,Genève,Switzerland,73,15.0000,15,0
10752,NORTS,London,UK,1,18.0000,8,0
10752,NORTS,London,UK,69,36.0000,3,0
10753,FRANS,Torino,Italy,45,9.5000,4,0
10753,FRANS,Torino,Italy,74,10.0000,5,0
10755,BONAP,Marseille,France,47,9.5000,30,0.25
10755,BONAP,Marseille,France,56,38.0000,30,0.25
10755,BONAP,Marseille,France,57,19.5000,14,0.25
10755,BONAP,Marseille,France,69,36.0000,25,0.25
10756,SPLIR,Lander,USA,18,62.5000,21,0.2
10756,SPLIR,Lander,USA,36,19.0000,20,0.2
10756,SPLIR,Lander,USA,68,12.5000,6,0.2
10756,SPLIR,Lander,USA,69,36.0000,20,0.2
10758,RICSU,Genève,Switzerland,26,31.2300,20,0
10758,RICSU,Genève,Switzerland,52,7.0000,60,0
10758,RICSU,Genève,Switzerland,70,15.0000,40,0
10759,ANATR,México D.F.,Mexico,32,32.0000,10,0
10760,MAISD,Bruxelles,Belgium,25,14.0000,12,0.25
10760,MAISD,Bruxelles,Belgium,27,43.9000,40,0
10760,MAISD,Bruxelles,Belgium,43,46.0000,30,0.25
10762,FOLKO,Bräcke,Sweden,39,18.0000,16,0
10762,FOLKO,Bräcke,Sweden,47,9.5000,30,0
10762,FOLKO,Bräcke,Sweden,51,53.0000,28,0
10762,FOLKO,Bräcke,Sweden,56,38.0000,60,0
10763,FOLIG,Lille,France,21,10.0000,40,0
10763,FOLIG,Lille,France,22,21.0000,6,0
10763,FOLIG,Lille,France,24,4.5000,20,0
10765,QUICK,Cunewalde,Germany,65,21.0500,80,0.1
10766,OTTIK,Köln,Germany,2,19.0000,40,0
10766,OTTIK,Köln,Germany,7,30.0000,35,0
10766,OTTIK,Köln,Germany,68,12.5000,40,0
10767,SUPRD,Charleroi,Belgium,42,14.0000,2,0
10768,AROUT,Colchester,UK,22,21.0000,4,0
10768,AROUT,Colchester,UK,31,12.5000,50,0
10768,AROUT,Colchester,UK,60,34.0000,15,0
10768,AROUT,Colchester,UK,71,21.5000,12,0
10769,VAFFE,Århus,Denmark,41,9.6500,30,0.05
10769,VAFFE,Århus,Denmark,52,7.0000,15,0.05
10769,VAFFE,Århus,Denmark,61,28.5000,20,0
10769,VAFFE,Århus,Denmark,62,49.3000,15,0
10770,HANAR,Rio de Janeiro,Brazil,11,21.0000,15,0.25
10771,ERNSH,Graz,Austria,71,21.5000,16,0
10772,LEHMS,Frankfurt a.M.,Germany,29,123.7900,18,0
10772,LEHMS,Frankfurt a.M.,Germany,59,55.0000,25,0
10773,ERNSH,Graz,Austria,17,39.0000,33,0
10773,ERNSH,Graz,Austria,31,12.5000,70,0.2
10773,ERNSH,Graz,Austria,75,7.7500,7,0.2
10774,FOLKO,Bräcke,Sweden,31,12.5000,2,0.25
10774,FOLKO,Bräcke,Sweden,66,17.0000,50,0
10775,THECR,Butte,USA,10,31.0000,6,0
10775,THECR,Butte,USA,67,14.0000,3,0
10776,ERNSH,Graz,Austria,31,12.5000,16,0.05
10776,ERNSH,Graz,Austria,42,14.0000,12,0.05
10776,ERNSH,Graz,Austria,45,9.5000,27,0.05
10776,ERNSH,Graz,Austria,51,53.0000,120,0.05
10777,GOURL,Campinas,Brazil,42,14.0000,20,0.2
10778,BERGS,Luleå,Sweden,41,9.6500,10,0
10779,MORGK,Leipzig,Germany,16,17.4500,20,0
10779,MORGK,Leipzig,Germany,62,49.3000,20,0
10780,LILAS,Barquisimeto,Venezuela,70,15.0000,35,0
10780,LILAS,Barquisimeto,Venezuela,77,13.0000,15,0
10781,WARTH,Oulu,Finland,54,7.4500,3,0.2
10781,WARTH,Oulu,Finland,56,38.0000,20,0.2
10781,WARTH,Oulu,Finland,74,10.0000,35,0
10782,CACTU,Buenos Aires,Argentina,31,12.5000,1,0
10783,HANAR,Rio de Janeiro,Brazil,31,12.5000,10,0
10783,HANAR,Rio de Janeiro,Brazil,38,263.5000,5,0
10784,MAGAA,Bergamo,Italy,36,19.0000,30,0
10784,MAGAA,Bergamo,Italy,39,18.0000,2,0.15
10784,MAGAA,Bergamo,Italy,72,34.8000,30,0.15
10785,GROSR,Caracas,Venezuela,10,31.0000,10,0
10785,GROSR,Caracas,Venezuela,75,7.7500,10,0
10786,QUEEN,Sao Paulo,Brazil,8,40.0000,30,0.2
10786,QUEEN,Sao Paulo,Brazil,30,25.8900,15,0.2
10786,QUEEN,Sao Paulo,Brazil,75,7.7500,42,0.2
10787,LAMAI,Toulouse,France,2,19.0000,15,0.05
10787,LAMAI,Toulouse,France,29,123.7900,20,0.05
10788,QUICK,Cunewalde,Germany,19,9.2000,50,0.05
10788,QUICK,Cunewalde,Germany,75,7.7500,40,0.05
10789,FOLIG,Lille,France,18,62.5000,30,0
10789,FOLIG,Lille,France,35,18.0000,15,0
10789,FOLIG,Lille,France,63,43.9000,30,0
10789,FOLIG,Lille,France,68,12.5000,18,0
10792,WOLZA,Warszawa,Poland,2,19.0000,10,0
10792,WOLZA,Warszawa,Poland,54,7.4500,3,0
10792,WOLZA,Warszawa,Poland,68,12.5000,15,0
10793,AROUT,Colchester,UK,41,9.6500,14,0
10793,AROUT,Colchester,UK,52,7.0000,8,0
10795,ERNSH,Graz,Austria,16,17.4500,65,0
10795,ERNSH,Graz,Austria,17,39.0000,35,0.25
10796,HILAA,San Cristóbal,Venezuela,26,31.2300,21,0.2
10796,HILAA,San Cristóbal,Venezuela,44,19.4500,10,0
10796,HILAA,San Cristóbal,Venezuela,64,33.2500,35,0.2
10796,HILAA,San Cristóbal,Venezuela,69,36.0000,24,0.2
10797,DRACD,Aachen,Germany,11,21.0000,20,0
10798,ISLAT,Cowes,UK,62,49.3000,2,0
10798,ISLAT,Cowes,UK,72,34.8000,10,0
10799,KOENE,Brandenburg,Germany,13,6.0000,20,0.15
10799,KOENE,Brandenburg,Germany,24,4.5000,20,0.15
10799,KOENE,Brandenburg,Germany,59,55.0000,25,0
10800,SEVES,London,UK,11,21.0000,50,0.1
10800,SEVES,London,UK,51,53.0000,10,0.1
10800,SEVES,London,UK,54,7.4500,7,0.1
10801,BOLID,Madrid,Spain,17,39.0000,40,0.25
10801,BOLID,Madrid,Spain,29,123.7900,20,0.25
10802,SIMOB,Kobenhavn,Denmark,30,25.8900,25,0.25
10802,SIMOB,Kobenhavn,Denmark,51,53.0000,30,0.25
10802,SIMOB,Kobenhavn,Denmark,55,24.0000,60,0.25
10802,SIMOB,Kobenhavn,Denmark,62,49.3000,5,0.25
10803,WELLI,Resende,Brazil,19,9.2000,24,0.05
10803,WELLI,Resende,Brazil,25,14.0000,15,0.05
10803,WELLI,Resende,Brazil,59,55.0000,15,0.05
10805,THEBI,Portland,USA,34,14.0000,10,0
10805,THEBI,Portland,USA,38,263.5000,10,0
10806,VICTE,Lyon,France,2,19.0000,20,0.25
10806,VICTE,Lyon,France,65,21.0500,2,0
10806,VICTE,Lyon,France,74,10.0000,15,0.25
10807,FRANS,Torino,Italy,40,18.4000,1,0
10808,OLDWO,Anchorage,USA,56,38.0000,20,0.15
10808,OLDWO,Anchorage,USA,76,18.0000,50,0.15
10809,WELLI,Resende,Brazil,52,7.0000,20,0
10810,LAUGB,Vancouver,Canada,13,6.0000,7,0
10810,LAUGB,Vancouver,Canada,25,14.0000,5,0
10810,LAUGB,Vancouver,Canada,70,15.0000,5,0
10811,LINOD,I. de Margarita,Venezuela,19,9.2000,15,0
10811,LINOD,I. de Margarita,Venezuela,23,9.0000,18,0
10811,LINOD,I. de Margarita,Venezuela,40,18.4000,30,0
10813,RICAR,Rio de Janeiro,Brazil,2,19.0000,12,0.2
10813,RICAR,Rio de Janeiro,Brazil,46,12.0000,35,0
10814,VICTE,Lyon,France,41,9.6500,20,0
10814,VICTE,Lyon,France,43,46.0000,20,0.15
10814,VICTE,Lyon,France,48,12.7500,8,0.15
10814,VICTE,Lyon,France,61,28.5000,30,0.15
10815,SAVEA,Boise,USA,33,2.5000,16,0
10816,GREAL,Eugene,USA,38,263.5000,30,0.05
10816,GREAL,Eugene,USA,62,49.3000,20,0.05
10817,KOENE,Brandenburg,Germany,26,31.2300,40,0.15
10817,KOENE,Brandenburg,Germany,38,263.5000,30,0
10817,KOENE,Brandenburg,Germany,40,18.4000,60,0.15
10817,KOENE,Brandenburg,Germany,62,49.3000,25,0.15
10818,MAGAA,Bergamo,Italy,32,32.0000,20,0
10818,MAGAA,Bergamo,Italy,41,9.6500,20,0
10819,CACTU,Buenos Aires,Argentina,43,46.0000,7,0
10819,CACTU,Buenos Aires,Argentina,75,7.7500,20,0
10820,RATTC,Albuquerque,USA,56,38.0000,30,0
10821,SPLIR,Lander,USA,35,18.0000,20,0
10821,SPLIR,Lander,USA,51,53.0000,6,0
10824,FOLKO,Bräcke,Sweden,41,9.6500,12,0
10824,FOLKO,Bräcke,Sweden,70,15.0000,9,0
10825,DRACD,Aachen,Germany,26,31.2300,12,0
10825,DRACD,Aachen,Germany,53,32.8000,20,0
10827,BONAP,Marseille,France,10,31.0000,15,0
10827,BONAP,Marseille,France,39,18.0000,21,0
10828,RANCH,Buenos Aires,Argentina,20,81.0000,5,0
10828,RANCH,Buenos Aires,Argentina,38,263.5000,2,0
10829,ISLAT,Cowes,UK,2,19.0000,10,0
10829,ISLAT,Cowes,UK,8,40.0000,20,0
10829,ISLAT,Cowes,UK,13,6.0000,10,0
10829,ISLAT,Cowes,UK,60,34.0000,21,0
10830,TRADH,Sao Paulo,Brazil,6,25.0000,6,0
10830,TRADH,Sao Paulo,Brazil,39,18.0000,28,0
10830,TRADH,Sao Paulo,Brazil,60,34.0000,30,0
10830,TRADH,Sao Paulo,Brazil,68,12.5000,24,0
10831,SANTG,Stavern,Norway,19,9.2000,2,0
10831,SANTG,Stavern,Norway,35,18.0000,8,0
10831,SANTG,Stavern,Norway,38,263.5000,8,0
10831,SANTG,Stavern,Norway,43,46.0000,9,0
10832,LAMAI,Toulouse,France,13,6.0000,3,0.2
10832,LAMAI,Toulouse,France,25,14.0000,10,0.2
10832,LAMAI,Toulouse,France,44,19.4500,16,0.2
10832,LAMAI,Toulouse,France,64,33.2500,3,0
10834,TRADH,Sao Paulo,Brazil,29,123.7900,8,0.05
10834,TRADH,Sao Paulo,Brazil,30,25.8900,20,0.05
10835,ALFKI,Berlin,Germany,59,55.0000,15,0
10835,ALFKI,Berlin,Germany,77,13.0000,2,0.2
10836,ERNSH,Graz,Austria,22,21.0000,52,0
10836,ERNSH,Graz,Austria,35,18.0000,6,0
10836,ERNSH,Graz,Austria,57,19.5000,24,0
10836,ERNSH,Graz,Austria,60,34.0000,60,0
10836,ERNSH,Graz,Austria,64,33.2500,30,0
10837,BERGS,Luleå,Sweden,13,6.0000,6,0
10837,BERGS,Luleå,Sweden,40,18.4000,25,0
10837,BERGS,Luleå,Sweden,47,9.5000,40,0.25
10837,BERGS,Luleå,Sweden,76,18.0000,21,0.25
10838,LINOD,I. de Margarita,Venezuela,1,18.0000,4,0.25
10838,LINOD,I. de Margarita,Venezuela,18,62.5000,25,0.25
10838,LINOD,I. de Margarita,Venezuela,36,19.0000,50,0.25
10839,TRADH,Sao Paulo,Brazil,58,13.2500,30,0.1
10839,TRADH,Sao Paulo,Brazil,72,34.8000,15,0.1
10840,LINOD,I. de Margarita,Venezuela,25,14.0000,6,0.2
10840,LINOD,I. de Margarita,Venezuela,39,18.0000,10,0.2
10842,TORTU,México D.F.,Mexico,11,21.0000,15,0
10842,TORTU,México D.F.,Mexico,43,46.0000,5,0
10842,TORTU,México D.F.,Mexico,68,12.5000,20,0
10842,TORTU,México D.F.,Mexico,70,15.0000,12,0
10843,VICTE,Lyon,France,51,53.0000,4,0.25
10844,PICCO,Salzburg,Austria,22,21.0000,35,0
10845,QUICK,Cunewalde,Germany,23,9.0000,70,0.1
10845,QUICK,Cunewalde,Germany,35,18.0000,25,0.1
10845,QUICK,Cunewalde,Germany,42,14.0000,42,0.1
10845,QUICK,Cunewalde,Germany,58,13.2500,60,0.1
10845,QUICK,Cunewalde,Germany,64,33.2500,48,0
10846,SUPRD,Charleroi,Belgium,4,22.0000,21,0
10846,SUPRD,Charleroi,Belgium,70,15.0000,30,0
10846,SUPRD,Charleroi,Belgium,74,10.0000,20,0
10847,SAVEA,Boise,USA,1,18.0000,80,0.2
10847,SAVEA,Boise,USA,19,9.2000,12,0.2
10847,SAVEA,Boise,USA,37,26.0000,60,0.2
10847,SAVEA,Boise,USA,45,9.5000,36,0.2
10847,SAVEA,Boise,USA,60,34.0000,45,0.2
10847,SAVEA,Boise,USA,71,21.5000,55,0.2
10848,CONSH,London,UK,5,21.3500,30,0
10848,CONSH,London,UK,9,97.0000,3,0
10849,KOENE,Brandenburg,Germany,3,10.0000,49,0
10849,KOENE,Brandenburg,Germany,26,31.2300,18,0.15
10850,VICTE,Lyon,France,25,14.0000,20,0.15
10850,VICTE,Lyon,France,33,2.5000,4,0.15
10850,VICTE,Lyon,France,70,15.0000,30,0.15
10852,RATTC,Albuquerque,USA,2,19.0000,15,0
10852,RATTC,Albuquerque,USA,17,39.0000,6,0
10852,RATTC,Albuquerque,USA,62,49.3000,50,0
10853,BLAUS,Mannheim,Germany,18,62.5000,10,0
10854,ERNSH,Graz,Austria,10,31.0000,100,0.15
10854,ERNSH,Graz,Austria,13,6.0000,65,0.15
10855,OLDWO,Anchorage,USA,16,17.4500,50,0
10855,OLDWO,Anchorage,USA,31,12.5000,14,0
10855,OLDWO,Anchorage,USA,56,38.0000,24,0
10855,OLDWO,Anchorage,USA,65,21.0500,15,0.15
10856,ANTON,México D.F.,Mexico,2,19.0000,20,0
10856,ANTON,México D.F.,Mexico,42,14.0000,20,0
10857,BERGS,Luleå,Sweden,3,10.0000,30,0
10857,BERGS,Luleå,Sweden,26,31.2300,35,0.25
10857,BERGS,Luleå,Sweden,29,123.7900,10,0.25
10858,LACOR,Versailles,France,7,30.0000,5,0
10858,LACOR,Versailles,France,27,43.9000,10,0
10858,LACOR,Versailles,France,70,15.0000,4,0
10859,FRANK,München,Germany,24,4.5000,40,0.25
10859,FRANK,München,Germany,54,7.4500,35,0.25
10859,FRANK,München,Germany,64,33.2500,30,0.25
10860,FRANR,Nantes,France,51,53.0000,3,0
10860,FRANR,Nantes,France,76,18.0000,20,0
10861,WHITC,Seattle,USA,17,39.0000,42,0
10861,WHITC,Seattle,USA,18,62.5000,20,0
10861,WHITC,Seattle,USA,21,10.0000,40,0
10861,WHITC,Seattle,USA,33,2.5000,35,0
10861,WHITC,Seattle,USA,62,49.3000,3,0
10862,LEHMS,Frankfurt a.M.,Germany,11,21.0000,25,0
10862,LEHMS,Frankfurt a.M.,Germany,52,7.0000,8,0
10863,HILAA,San Cristóbal,Venezuela,1,18.0000,20,0.15
10863,HILAA,San Cristóbal,Venezuela,58,13.2500,12,0.15
10864,AROUT,Colchester,UK,35,18.0000,4,0
10864,AROUT,Colchester,UK,67,14.0000,15,0
10865,QUICK,Cunewalde,Germany,38,263.5000,60,0.05
10865,QUICK,Cunewalde,Germany,39,18.0000,80,0.05
10868,QUEEN,Sao Paulo,Brazil,26,31.2300,20,0
10868,QUEEN,Sao Paulo,Brazil,35,18.0000,30,0
10868,QUEEN,Sao Paulo,Brazil,49,20.0000,42,0.1
10871,BONAP,Marseille,France,6,25.0000,50,0.05
10871,BONAP,Marseille,France,16,17.4500,12,0.05
10871,BONAP,Marseille,France,17,39.0000,16,0.05
10873,WILMK,Helsinki,Finland,21,10.0000,20,0
10873,WILMK,Helsinki,Finland,28,45.6000,3,0
10875,BERGS,Luleå,Sweden,19,9.2000,25,0
10875,BERGS,Luleå,Sweden,47,9.5000,21,0.1
10875,BERGS,Luleå,Sweden,49,20.0000,15,0
10876,BONAP,Marseille,France,46,12.0000,21,0
10876,BONAP,Marseille,France,64,33.2500,20,0
10877,RICAR,Rio de Janeiro,Brazil,16,17.4500,30,0.25
10877,RICAR,Rio de Janeiro,Brazil,18,62.5000,25,0
10878,QUICK,Cunewalde,Germany,20,81.0000,20,0.05
10879,WILMK,Helsinki,Finland,40,18.4000,12,0
10879,WILMK,Helsinki,Finland,65,21.0500,10,0
10879,WILMK,Helsinki,Finland,76,18.0000,10,0
10880,FOLKO,Bräcke,Sweden,23,9.0000,30,0.2
10880,FOLKO,Bräcke,Sweden,61,28.5000,30,0.2
10880,FOLKO,Bräcke,Sweden,70,15.0000,50,0.2
10881,CACTU,Buenos Aires,Argentina,73,15.0000,10,0
10882,SAVEA,Boise,USA,42,14.0000,25,0
10882,SAVEA,Boise,USA,49,20.0000,20,0.15
10882,SAVEA,Boise,USA,54,7.4500,32,0.15
10883,LONEP,Portland,USA,24,4.5000,8,0
10884,LETSS,San Francisco,USA,21,10.0000,40,0.05
10884,LETSS,San Francisco,USA,56,38.0000,21,0.05
10884,LETSS,San Francisco,USA,65,21.0500,12,0.05
10886,HANAR,Rio de Janeiro,Brazil,10,31.0000,70,0
10886,HANAR,Rio de Janeiro,Brazil,31,12.5000,35,0
10886,HANAR,Rio de Janeiro,Brazil,77,13.0000,40,0
10887,GALED,Barcelona,Spain,25,14.0000,5,0
10888,GODOS,Sevilla,Spain,2,19.0000,20,0
10888,GODOS,Sevilla,Spain,68,12.5000,18,0
10889,RATTC,Albuquerque,USA,11,21.0000,40,0
10889,RATTC,Albuquerque,USA,38,263.5000,40,0
10890,DUMON,Nantes,France,17,39.0000,15,0
10890,DUMON,Nantes,France,34,14.0000,10,0
10890,DUMON,Nantes,France,41,9.6500,14,0
10891,LEHMS,Frankfurt a.M.,Germany,30,25.8900,15,0.05
10892,MAISD,Bruxelles,Belgium,59,55.0000,40,0.05
10893,KOENE,Brandenburg,Germany,8,40.0000,30,0
10893,KOENE,Brandenburg,Germany,24,4.5000,10,0
10893,KOENE,Brandenburg,Germany,29,123.7900,24,0
10893,KOENE,Brandenburg,Germany,30,25.8900,35,0
10893,KOENE,Brandenburg,Germany,36,19.0000,20,0
10894,SAVEA,Boise,USA,13,6.0000,28,0.05
10894,SAVEA,Boise,USA,69,36.0000,50,0.05
10894,SAVEA,Boise,USA,75,7.7500,120,0.05
10895,ERNSH,Graz,Austria,24,4.5000,110,0
10895,ERNSH,Graz,Austria,39,18.0000,45,0
10895,ERNSH,Graz,Austria,40,18.4000,91,0
10895,ERNSH,Graz,Austria,60,34.0000,100,0
10896,MAISD,Bruxelles,Belgium,45,9.5000,15,0
10896,MAISD,Bruxelles,Belgium,56,38.0000,16,0
10897,HUNGO,Cork,Ireland,29,123.7900,80,0
10897,HUNGO,Cork,Ireland,30,25.8900,36,0
10898,OCEAN,Buenos Aires,Argentina,13,6.0000,5,0
10900,WELLI,Resende,Brazil,70,15.0000,3,0.25
10901,HILAA,San Cristóbal,Venezuela,41,9.6500,30,0
10901,HILAA,San Cristóbal,Venezuela,71,21.5000,30,0
10902,FOLKO,Bräcke,Sweden,55,24.0000,30,0.15
10902,FOLKO,Bräcke,Sweden,62,49.3000,6,0.15
10903,HANAR,Rio de Janeiro,Brazil,13,6.0000,40,0
10903,HANAR,Rio de Janeiro,Brazil,65,21.0500,21,0
10903,HANAR,Rio de Janeiro,Brazil,68,12.5000,20,0
10904,WHITC,Seattle,USA,58,13.2500,15,0
10904,WHITC,Seattle,USA,62,49.3000,35,0
10905,WELLI,Resende,Brazil,1,18.0000,20,0.05
10906,WOLZA,Warszawa,Poland,61,28.5000,15,0
10908,REGGC,Reggio Emilia,Italy,7,30.0000,20,0.05
10908,REGGC,Reggio Emilia,Italy,52,7.0000,14,0.05
10909,SANTG,Stavern,Norway,7,30.0000,12,0
10909,SANTG,Stavern,Norway,16,17.4500,15,0
10909,SANTG,Stavern,Norway,41,9.6500,5,0
10910,WILMK,Helsinki,Finland,19,9.2000,12,0
10910,WILMK,Helsinki,Finland,49,20.0000,10,0
10910,WILMK,Helsinki,Finland,61,28.5000,5,0
10911,GODOS,Sevilla,Spain,1,18.0000,10,0
10911,GODOS,Sevilla,Spain,17,39.0000,12,0
10911,GODOS,Sevilla,Spain,67,14.0000,15,0
10912,HUNGO,Cork,Ireland,11,21.0000,40,0.25
10912,HUNGO,Cork,Ireland,29,123.7900,60,0.25
10913,QUEEN,Sao Paulo,Brazil,4,22.0000,30,0.25
10913,QUEEN,Sao Paulo,Brazil,33,2.5000,40,0.25
10913,QUEEN,Sao Paulo,Brazil,58,13.2500,15,0
10915,TORTU,México D.F.,Mexico,17,39.0000,10,0
10915,TORTU,México D.F.,Mexico,33,2.5000,30,0
10915,TORTU,México D.F.,Mexico,54,7.4500,10,0
10916,RANCH,Buenos Aires,Argentina,16,17.4500,6,0
10916,RANCH,Buenos Aires,Argentina,32,32.0000,6,0
10916,RANCH,Buenos Aires,Argentina,57,19.5000,20,0
10917,ROMEY,Madrid,Spain,30,25.8900,1,0
10917,ROMEY,Madrid,Spain,60,34.0000,10,0
10918,BOTTM,Tsawassen,Canada,1,18.0000,60,0.25
10918,BOTTM,Tsawassen,Canada,60,34.0000,25,0.25
10919,LINOD,I. de Margarita,Venezuela,16,17.4500,24,0
10919,LINOD,I. de Margarita,Venezuela,25,14.0000,24,0
10919,LINOD,I. de Margarita,Venezuela,40,18.4000,20,0
10920,AROUT,Colchester,UK,50,16.2500,24,0
10921,VAFFE,Århus,Denmark,35,18.0000,10,0
10921,VAFFE,Århus,Denmark,63,43.9000,40,0
10923,LAMAI,Toulouse,France,42,14.0000,10,0.2
10923,LAMAI,Toulouse,France,43,46.0000,10,0.2
10923,LAMAI,Toulouse,France,67,14.0000,24,0.2
10924,BERGS,Luleå,Sweden,10,31.0000,20,0.1
10924,BERGS,Luleå,Sweden,28,45.6000,30,0.1
10924,BERGS,Luleå,Sweden,75,7.7500,6,0
10925,HANAR,Rio de Janeiro,Brazil,36,19.0000,25,0.15
10925,HANAR,Rio de Janeiro,Brazil,52,7.0000,12,0.15
10926,ANATR,México D.F.,Mexico,11,21.0000,2,0
10926,ANATR,México D.F.,Mexico,13,6.0000,10,0
10926,ANATR,México D.F.,Mexico,19,9.2000,7,0
10926,ANATR,México D.F.,Mexico,72,34.8000,10,0
10927,LACOR,Versailles,France,20,81.0000,5,0
10927,LACOR,Versailles,France,52,7.0000,5,0
10927,LACOR,Versailles,France,76,18.0000,20,0
10928,GALED,Barcelona,Spain,47,9.5000,5,0
10928,GALED,Barcelona,Spain,76,18.0000,5,0
10930,SUPRD,Charleroi,Belgium,21,10.0000,36,0
10930,SUPRD,Charleroi,Belgium,27,43.9000,25,0
10930,SUPRD,Charleroi,Belgium,55,24.0000,25,0.2
10930,SUPRD,Charleroi,Belgium,58,13.2500,30,0.2
10931,RICSU,Genève,Switzerland,13,6.0000,42,0.15
10931,RICSU,Genève,Switzerland,57,19.5000,30,0
10932,BONAP,Marseille,France,16,17.4500,30,0.1
10932,BONAP,Marseille,France,62,49.3000,14,0.1
10932,BONAP,Marseille,France,72,34.8000,16,0
10932,BONAP,Marseille,France,75,7.7500,20,0.1
10934,LEHMS,Frankfurt a.M.,Germany,6,25.0000,20,0
10935,WELLI,Resende,Brazil,1,18.0000,21,0
10935,WELLI,Resende,Brazil,18,62.5000,4,0.25
10935,WELLI,Resende,Brazil,23,9.0000,8,0.25
10936,GREAL,Eugene,USA,36,19.0000,30,0.2
10937,CACTU,Buenos Aires,Argentina,28,45.6000,8,0
10937,CACTU,Buenos Aires,Argentina,34,14.0000,20,0
10938,QUICK,Cunewalde,Germany,13,6.0000,20,0.25
10938,QUICK,Cunewalde,Germany,43,46.0000,24,0.25
10938,QUICK,Cunewalde,Germany,60,34.0000,49,0.25
10938,QUICK,Cunewalde,Germany,71,21.5000,35,0.25
10939,MAGAA,Bergamo,Italy,2,19.0000,10,0.15
10939,MAGAA,Bergamo,Italy,67,14.0000,40,0.15
10940,BONAP,Marseille,France,7,30.0000,8,0
10940,BONAP,Marseille,France,13,6.0000,20,0
10941,SAVEA,Boise,USA,31,12.5000,44,0.25
10941,SAVEA,Boise,USA,62,49.3000,30,0.25
10941,SAVEA,Boise,USA,68,12.5000,80,0.25
10941,SAVEA,Boise,USA,72,34.8000,50,0
10942,REGGC,Reggio Emilia,Italy,49,20.0000,28,0
10943,BSBEV,London,UK,13,6.0000,15,0
10943,BSBEV,London,UK,22,21.0000,21,0
10943,BSBEV,London,UK,46,12.0000,15,0
10945,MORGK,Leipzig,Germany,13,6.0000,20,0
10945,MORGK,Leipzig,Germany,31,12.5000,10,0
10946,VAFFE,Århus,Denmark,10,31.0000,25,0
10946,VAFFE,Århus,Denmark,24,4.5000,25,0
10946,VAFFE,Århus,Denmark,77,13.0000,40,0
10947,BSBEV,London,UK,59,55.0000,4,0
10948,GODOS,Sevilla,Spain,50,16.2500,9,0
10948,GODOS,Sevilla,Spain,51,53.0000,40,0
10948,GODOS,Sevilla,Spain,55,24.0000,4,0
10949,BOTTM,Tsawassen,Canada,6,25.0000,12,0
10949,BOTTM,Tsawassen,Canada,10,31.0000,30,0
10949,BOTTM,Tsawassen,Canada,17,39.0000,6,0
10949,BOTTM,Tsawassen,Canada,62,49.3000,60,0
10950,MAGAA,Bergamo,Italy,4,22.0000,5,0
10951,RICSU,Genève,Switzerland,33,2.5000,15,0.05
10951,RICSU,Genève,Switzerland,41,9.6500,6,0.05
10951,RICSU,Genève,Switzerland,75,7.7500,50,0.05
10952,ALFKI,Berlin,Germany,6,25.0000,16,0.05
10952,ALFKI,Berlin,Germany,28,45.6000,2,0
10953,AROUT,Colchester,UK,20,81.0000,50,0.05
10953,AROUT,Colchester,UK,31,12.5000,50,0.05
10955,FOLKO,Bräcke,Sweden,75,7.7500,12,0.2
10957,HILAA,San Cristóbal,Venezuela,30,25.8900,30,0
10957,HILAA,San Cristóbal,Venezuela,35,18.0000,40,0
10957,HILAA,San Cristóbal,Venezuela,64,33.2500,8,0
10958,OCEAN,Buenos Aires,Argentina,5,21.3500,20,0
10958,OCEAN,Buenos Aires,Argentina,7,30.0000,6,0
10958,OCEAN,Buenos Aires,Argentina,72,34.8000,5,0
10960,HILAA,San Cristóbal,Venezuela,24,4.5000,10,0.25
10960,HILAA,San Cristóbal,Venezuela,41,9.6500,24,0
10961,QUEEN,Sao Paulo,Brazil,52,7.0000,6,0.05
10961,QUEEN,Sao Paulo,Brazil,76,18.0000,60,0
10962,QUICK,Cunewalde,Germany,7,30.0000,45,0
10962,QUICK,Cunewalde,Germany,13,6.0000,77,0
10962,QUICK,Cunewalde,Germany,53,32.8000,20,0
10962,QUICK,Cunewalde,Germany,69,36.0000,9,0
10962,QUICK,Cunewalde,Germany,76,18.0000,44,0
10963,FURIB,Lisboa,Portugal,60,34.0000,2,0.15
10964,SPECD,Paris,France,18,62.5000,6,0
10964,SPECD,Paris,France,38,263.5000,5,0
10964,SPECD,Paris,France,69,36.0000,10,0
10966,CHOPS,Bern,Switzerland,37,26.0000,8,0
10966,CHOPS,Bern,Switzerland,56,38.0000,12,0.15
10966,CHOPS,Bern,Switzerland,62,49.3000,12,0.15
10967,TOMSP,Münster,Germany,19,9.2000,12,0
10967,TOMSP,Münster,Germany,49,20.0000,40,0
10968,ERNSH,Graz,Austria,12,38.0000,30,0
10968,ERNSH,Graz,Austria,24,4.5000,30,0
10968,ERNSH,Graz,Austria,64,33.2500,4,0
10969,COMMI,Sao Paulo,Brazil,46,12.0000,9,0
10970,BOLID,Madrid,Spain,52,7.0000,40,0.2
10971,FRANR,Nantes,France,29,123.7900,14,0
10972,LACOR,Versailles,France,17,39.0000,6,0
10972,LACOR,Versailles,France,33,2.5000,7,0
10974,SPLIR,Lander,USA,63,43.9000,10,0
10975,BOTTM,Tsawassen,Canada,8,40.0000,16,0
10975,BOTTM,Tsawassen,Canada,75,7.7500,10,0
10976,HILAA,San Cristóbal,Venezuela,28,45.6000,20,0
10977,FOLKO,Bräcke,Sweden,39,18.0000,30,0
10977,FOLKO,Bräcke,Sweden,47,9.5000,30,0
10977,FOLKO,Bräcke,Sweden,51,53.0000,10,0
10977,FOLKO,Bräcke,Sweden,63,43.9000,20,0
10978,MAISD,Bruxelles,Belgium,8,40.0000,20,0.15
10978,MAISD,Bruxelles,Belgium,21,10.0000,40,0.15
10978,MAISD,Bruxelles,Belgium,40,18.4000,10,0
10978,MAISD,Bruxelles,Belgium,44,19.4500,6,0.15
10979,ERNSH,Graz,Austria,7,30.0000,18,0
10979,ERNSH,Graz,Austria,12,38.0000,20,0
10979,ERNSH,Graz,Austria,24,4.5000,80,0
10979,ERNSH,Graz,Austria,27,43.9000,30,0
10979,ERNSH,Graz,Austria,31,12.5000,24,0
10979,ERNSH,Graz,Austria,63,43.9000,35,0
10980,FOLKO,Bräcke,Sweden,75,7.7500,40,0.2
10981,HANAR,Rio de Janeiro,Brazil,38,263.5000,60,0
10982,BOTTM,Tsawassen,Canada,7,30.0000,20,0
10982,BOTTM,Tsawassen,Canada,43,46.0000,9,0
10983,SAVEA,Boise,USA,13,6.0000,84,0.15
10983,SAVEA,Boise,USA,57,19.5000,15,0
10984,SAVEA,Boise,USA,16,17.4500,55,0
10984,SAVEA,Boise,USA,24,4.5000,20,0
10984,SAVEA,Boise,USA,36,19.0000,40,0
10985,HUNGO,Cork,Ireland,16,17.4500,36,0.1
10985,HUNGO,Cork,Ireland,18,62.5000,8,0.1
10985,HUNGO,Cork,Ireland,32,32.0000,35,0.1
10986,OCEAN,Buenos Aires,Argentina,11,21.0000,30,0
10986,OCEAN,Buenos Aires,Argentina,20,81.0000,15,0
10986,OCEAN,Buenos Aires,Argentina,76,18.0000,10,0
10986,OCEAN,Buenos Aires,Argentina,77,13.0000,15,0
10987,EASTC,London,UK,7,30.0000,60,0
10987,EASTC,London,UK,43,46.0000,6,0
10987,EASTC,London,UK,72,34.8000,20,0
10988,RATTC,Albuquerque,USA,7,30.0000,60,0
10988,RATTC,Albuquerque,USA,62,49.3000,40,0.1
10989,QUEDE,Rio de Janeiro,Brazil,6,25.0000,40,0
10989,QUEDE,Rio de Janeiro,Brazil,11,21.0000,15,0
10989,QUEDE,Rio de Janeiro,Brazil,41,9.6500,4,0
10990,ERNSH,Graz,Austria,21,10.0000,65,0
10990,ERNSH,Graz,Austria,34,14.0000,60,0.15
10990,ERNSH,Graz,Austria,55,24.0000,65,0.15
10990,ERNSH,Graz,Austria,61,28.5000,66,0.15
10991,QUICK,Cunewalde,Germany,2,19.0000,50,0.2
10991,QUICK,Cunewalde,Germany,70,15.0000,20,0.2
10991,QUICK,Cunewalde,Germany,76,18.0000,90,0.2
10992,THEBI,Portland,USA,72,34.8000,2,0
10993,FOLKO,Bräcke,Sweden,29,123.7900,50,0.25
10993,FOLKO,Bräcke,Sweden,41,9.6500,35,0.25
10994,VAFFE,Århus,Denmark,59,55.0000,18,0.05
10995,PERIC,México D.F.,Mexico,51,53.0000,20,0
10995,PERIC,México D.F.,Mexico,60,34.0000,4,0
10996,QUICK,Cunewalde,Germany,42,14.0000,40,0
10997,LILAS,Barquisimeto,Venezuela,32,32.0000,50,0
10997,LILAS,Barquisimeto,Venezuela,46,12.0000,20,0.25
10997,LILAS,Barquisimeto,Venezuela,52,7.0000,20,0.25
10998,WOLZA,Warszawa,Poland,24,4.5000,12,0
10998,WOLZA,Warszawa,Poland,61,28.5000,7,0
10998,WOLZA,Warszawa,Poland,74,10.0000,20,0
10998,WOLZA,Warszawa,Poland,75,7.7500,30,0
11000,RATTC,Albuquerque,USA,4,22.0000,25,0.25
11000,RATTC,Albuquerque,USA,24,4.5000,30,0.25
11000,RATTC,Albuquerque,USA,77,13.0000,30,0
11001,FOLKO,Bräcke,Sweden,7,30.0000,60,0
11001,FOLKO,Bräcke,Sweden,22,21.0000,25,0
11001,FOLKO,Bräcke,Sweden,46,12.0000,25,0
11001,FOLKO,Bräcke,Sweden,55,24.0000,6,0
11002,SAVEA,Boise,USA,13,6.0000,56,0
11002,SAVEA,Boise,USA,35,18.0000,15,0.15
11002,SAVEA,Boise,USA,42,14.0000,24,0.15
11002,SAVEA,Boise,USA,55,24.0000,40,0
11003,THECR,Butte,USA,1,18.0000,4,0
11003,THECR,Butte,USA,40,18.4000,10,0
11003,THECR,Butte,USA,52,7.0000,10,0
11004,MAISD,Bruxelles,Belgium,26,31.2300,6,0
11004,MAISD,Bruxelles,Belgium,76,18.0000,6,0
11005,WILMK,Helsinki,Finland,1,18.0000,2,0
11005,WILMK,Helsinki,Finland,59,55.0000,10,0
11006,GREAL,Eugene,USA,1,18.0000,8,0
11006,GREAL,Eugene,USA,29,123.7900,2,0.25
11007,PRINI,Lisboa,Portugal,8,40.0000,30,0
11007,PRINI,Lisboa,Portugal,29,123.7900,10,0
11007,PRINI,Lisboa,Portugal,42,14.0000,14,0
11008,ERNSH,Graz,Austria,28,45.6000,70,0.05
11008,ERNSH,Graz,Austria,34,14.0000,90,0.05
11008,ERNSH,Graz,Austria,71,21.5000,21,0
11009,GODOS,Sevilla,Spain,24,4.5000,12,0
11009,GODOS,Sevilla,Spain,36,19.0000,18,0.25
11009,GODOS,Sevilla,Spain,60,34.0000,9,0
11010,REGGC,Reggio Emilia,Italy,7,30.0000,20,0
11010,REGGC,Reggio Emilia,Italy,24,4.5000,10,0
11011,ALFKI,Berlin,Germany,58,13.2500,40,0.05
11011,ALFKI,Berlin,Germany,71,21.5000,20,0
11012,FRANK,München,Germany,19,9.2000,50,0.05
11012,FRANK,München,Germany,60,34.0000,36,0.05
11012,FRANK,München,Germany,71,21.5000,60,0.05
11013,ROMEY,Madrid,Spain,23,9.0000,10,0
11013,ROMEY,Madrid,Spain,42,14.0000,4,0
11013,ROMEY,Madrid,Spain,45,9.5000,20,0
11013,ROMEY,Madrid,Spain,68,12.5000,2,0
11014,LINOD,I. de Margarita,Venezuela,41,9.6500,28,0.1
11015,SANTG,Stavern,Norway,30,25.8900,15,0
11015,SANTG,Stavern,Norway,77,13.0000,18,0
11016,AROUT,Colchester,UK,31,12.5000,15,0
11016,AROUT,Colchester,UK,36,19.0000,16,0
11017,ERNSH,Graz,Austria,3,10.0000,25,0
11017,ERNSH,Graz,Austria,59,55.0000,110,0
11017,ERNSH,Graz,Austria,70,15.0000,30,0
11018,LONEP,Portland,USA,12,38.0000,20,0
11018,LONEP,Portland,USA,18,62.5000,10,0
11018,LONEP,Portland,USA,56,38.0000,5,0
11020,OTTIK,Köln,Germany,10,31.0000,24,0.15
11021,QUICK,Cunewalde,Germany,2,19.0000,11,0.25
11021,QUICK,Cunewalde,Germany,20,81.0000,15,0
11021,QUICK,Cunewalde,Germany,26,31.2300,63,0
11021,QUICK,Cunewalde,Germany,51,53.0000,44,0.25
11021,QUICK,Cunewalde,Germany,72,34.8000,35,0
11022,HANAR,Rio de Janeiro,Brazil,19,9.2000,35,0
11022,HANAR,Rio de Janeiro,Brazil,69,36.0000,30,0
11023,BSBEV,London,UK,7,30.0000,4,0
11023,BSBEV,London,UK,43,46.0000,30,0
11024,EASTC,London,UK,26,31.2300,12,0
11024,EASTC,London,UK,33,2.5000,30,0
11024,EASTC,London,UK,65,21.0500,21,0
11024,EASTC,London,UK,71,21.5000,50,0
11026,FRANS,Torino,Italy,18,62.5000,8,0
11026,FRANS,Torino,Italy,51,53.0000,10,0
11027,BOTTM,Tsawassen,Canada,24,4.5000,30,0.25
11027,BOTTM,Tsawassen,Canada,62,49.3000,21,0.25
11028,KOENE,Brandenburg,Germany,55,24.0000,35,0
11028,KOENE,Brandenburg,Germany,59,55.0000,24,0
11029,CHOPS,Bern,Switzerland,56,38.0000,20,0
11029,CHOPS,Bern,Switzerland,63,43.9000,12,0
11030,SAVEA,Boise,USA,2,19.0000,100,0.25
11030,SAVEA,Boise,USA,5,21.3500,70,0
11030,SAVEA,Boise,USA,29,123.7900,60,0.25
11030,SAVEA,Boise,USA,59,55.0000,100,0.25
11032,WHITC,Seattle,USA,36,19.0000,35,0
11032,WHITC,Seattle,USA,38,263.5000,25,0
11032,WHITC,Seattle,USA,59,55.0000,30,0
11033,RICSU,Genève,Switzerland,53,32.8000,70,0.1
11033,RICSU,Genève,Switzerland,69,36.0000,36,0.1
11034,OLDWO,Anchorage,USA,21,10.0000,15,0.1
11034,OLDWO,Anchorage,USA,44,19.4500,12,0
11034,OLDWO,Anchorage,USA,61,28.5000,6,0
11035,SUPRD,Charleroi,Belgium,1,18.0000,10,0
11035,SUPRD,Charleroi,Belgium,35,18.0000,60,0
11035,SUPRD,Charleroi,Belgium,42,14.0000,30,0
11035,SUPRD,Charleroi,Belgium,54,7.4500,10,0
11036,DRACD,Aachen,Germany,13,6.0000,7,0
11036,DRACD,Aachen,Germany,59,55.0000,30,0
11037,GODOS,Sevilla,Spain,70,15.0000,4,0
11038,SUPRD,Charleroi,Belgium,40,18.4000,5,0.2
11038,SUPRD,Charleroi,Belgium,52,7.0000,2,0
11038,SUPRD,Charleroi,Belgium,71,21.5000,30,0
11039,LINOD,I. de Margarita,Venezuela,28,45.6000,20,0
11039,LINOD,I. de Margarita,Venezuela,35,18.0000,24,0
11039,LINOD,I. de Margarita,Venezuela,49,20.0000,60,0
11039,LINOD,I. de Margarita,Venezuela,57,19.5000,28,0
11040,GREAL,Eugene,USA,21,10.0000,20,0
11041,CHOPS,Bern,Switzerland,2,19.0000,30,0.2
11041,CHOPS,Bern,Switzerland,63,43.9000,30,0
11042,COMMI,Sao Paulo,Brazil,44,19.4500,15,0
11042,COMMI,Sao Paulo,Brazil,61,28.5000,4,0
11044,WOLZA,Warszawa,Poland,62,49.3000,12,0
11046,WANDK,Stuttgart,Germany,12,38.0000,20,0.05
11046,WANDK,Stuttgart,Germany,32,32.0000,15,0.05
11046,WANDK,Stuttgart,Germany,35,18.0000,18,0.05
11047,EASTC,London,UK,1,18.0000,25,0.25
11047,EASTC,London,UK,5,21.3500,30,0.25
11048,BOTTM,Tsawassen,Canada,68,12.5000,42,0
11049,GOURL,Campinas,Brazil,2,19.0000,10,0.2
11049,GOURL,Campinas,Brazil,12,38.0000,4,0.2
11050,FOLKO,Bräcke,Sweden,76,18.0000,50,0.1
11051,LAMAI,Toulouse,France,24,4.5000,10,0.2
11052,HANAR,Rio de Janeiro,Brazil,43,46.0000,30,0.2
11052,HANAR,Rio de Janeiro,Brazil,61,28.5000,10,0.2
11053,PICCO,Salzburg,Austria,18,62.5000,35,0.2
11053,PICCO,Salzburg,Austria,32,32.0000,20,0
11053,PICCO,Salzburg,Austria,64,33.2500,25,0.2
11054,CACTU,Buenos Aires,Argentina,33,2.5000,10,0
11054,CACTU,Buenos Aires,Argentina,67,14.0000,20,0
11055,HILAA,San Cristóbal,Venezuela,24,4.5000,15,0
11055,HILAA,San Cristóbal,Venezuela,25,14.0000,15,0
11055,HILAA,San Cristóbal,Venezuela,51,53.0000,20,0
11055,HILAA,San Cristóbal,Venezuela,57,19.5000,20,0
11056,EASTC,London,UK,7,30.0000,40,0
11056,EASTC,London,UK,55,24.0000,35,0
11056,EASTC,London,UK,60,34.0000,50,0
11057,NORTS,London,UK,70,15.0000,3,0
11058,BLAUS,Mannheim,Germany,21,10.0000,3,0
11058,BLAUS,Mannheim,Germany,60,34.0000,21,0
11058,BLAUS,Mannheim,Germany,61,28.5000,4,0
11059,RICAR,Rio de Janeiro,Brazil,13,6.0000,30,0
11059,RICAR,Rio de Janeiro,Brazil,17,39.0000,12,0
11059,RICAR,Rio de Janeiro,Brazil,60,34.0000,35,0
11060,FRANS,Torino,Italy,60,34.0000,4,0
11060,FRANS,Torino,Italy,77,13.0000,10,0
11061,GREAL,Eugene,USA,60,34.0000,15,0
11062,REGGC,Reggio Emilia,Italy,53,32.8000,10,0.2
11062,REGGC,Reggio Emilia,Italy,70,15.0000,12,0.2
11063,HUNGO,Cork,Ireland,34,14.0000,30,0
11063,HUNGO,Cork,Ireland,40,18.4000,40,0.1
11063,HUNGO,Cork,Ireland,41,9.6500,30,0.1
11064,SAVEA,Boise,USA,17,39.0000,77,0.1
11064,SAVEA,Boise,USA,41,9.6500,12,0
11064,SAVEA,Boise,USA,53,32.8000,25,0.1
11064,SAVEA,Boise,USA,55,24.0000,4,0.1
11064,SAVEA,Boise,USA,68,12.5000,55,0
11065,LILAS,Barquisimeto,Venezuela,30,25.8900,4,0.25
11065,LILAS,Barquisimeto,Venezuela,54,7.4500,20,0.25
11066,WHITC,Seattle,USA,16,17.4500,3,0
11066,WHITC,Seattle,USA,19,9.2000,42,0
11066,WHITC,Seattle,USA,34,14.0000,35,0
11067,DRACD,Aachen,Germany,41,9.6500,9,0
11068,QUEEN,Sao Paulo,Brazil,28,45.6000,8,0.15
11068,QUEEN,Sao Paulo,Brazil,43,46.0000,36,0.15
11068,QUEEN,Sao Paulo,Brazil,77,13.0000,28,0.15
11069,TORTU,México D.F.,Mexico,39,18.0000,20,0
11070,LEHMS,Frankfurt a.M.,Germany,1,18.0000,40,0.15
11070,LEHMS,Frankfurt a.M.,Germany,2,19.0000,20,0.15
11070,LEHMS,Frankfurt a.M.,Germany,16,17.4500,30,0.15
11070,LEHMS,Frankfurt a.M.,Germany,31,12.5000,20,0
11071,LILAS,Barquisimeto,Venezuela,7,30.0000,15,0.05
11071,LILAS,Barquisimeto,Venezuela,13,6.0000,10,0.05
11072,ERNSH,Graz,Austria,2,19.0000,8,0
11072,ERNSH,Graz,Austria,41,9.6500,40,0
11072,ERNSH,Graz,Austria,50,16.2500,22,0
11072,ERNSH,Graz,Austria,64,33.2500,130,0
11073,PERIC,México D.F.,Mexico,11,21.0000,10,0
11073,PERIC,México D.F.,Mexico,24,4.5000,20,0
11074,SIMOB,Kobenhavn,Denmark,16,17.4500,14,0.05
11075,RICSU,Genève,Switzerland,2,19.0000,10,0.15
11075,RICSU,Genève,Switzerland,46,12.0000,30,0.15
11075,RICSU,Genève,Switzerland,76,18.0000,2,0.15
11076,BONAP,Marseille,France,6,25.0000,20,0.25
11076,BONAP,Marseille,France,14,23.2500,20,0.25
11076,BONAP,Marseille,France,19,9.2000,10,0.25
11077,RATTC,Albuquerque,USA,2,19.0000,24,0.2
11077,RATTC,Albuquerque,USA,3,10.0000,4,0
11077,RATTC,Albuquerque,USA,4,22.0000,1,0
11077,RATTC,Albuquerque,USA,6,25.0000,1,0.02
11077,RATTC,Albuquerque,USA,7,30.0000,1,0.05
11077,RATTC,Albuquerque,USA,8,40.0000,2,0.1
11077,RATTC,Albuquerque,USA,10,31.0000,1,0
11077,RATTC,Albuquerque,USA,12,38.0000,2,0.05
11077,RATTC,Albuquerque,USA,13,6.0000,4,0
11077,RATTC,Albuquerque,USA,14,23.2500,1,0.03
11077,RATTC,Albuquerque,USA,16,17.4500,2,0.03
11077,RATTC,Albuquerque,USA,20,81.0000,1,0.04
11077,RATTC,Albuquerque,USA,23,9.0000,2,0
11077,RATTC,Albuquerque,USA,32,32.0000,1,0
11077,RATTC,Albuquerque,USA,39,18.0000,2,0.05
11077,RATTC,Albuquerque,USA,41,9.6500,3,0
11077,RATTC,Albuquerque,USA,46,12.0000,3,0.02
11077,RATTC,Albuquerque,USA,52,7.0000,2,0
11077,RATTC,Albuquerque,USA,55,24.0000,2,0
11077,RATTC,Albuquerque,USA,60,34.0000,2,0.06
11077,RATTC,Albuquerque,USA,64,33.2500,2,0.03
11077,RATTC,Albuquerque,USA,66,17.0000,1,0
11077,RATTC,Albuquerque,USA,73,15.0000,2,0.01
11077,RATTC,Albuquerque,USA,75,7.7500,4,0
11077,RATTC,Albuquerque,USA,77,13.0000,2,0
